"Lenovo V14 Celeron DC N4020 1.1-2.8GHz,4GB,SSD 120GB,14""HD,RUS,DOS HDMI, IRON GRAY"/"https://enter.kg/images/stories/virtuemart/product/ww-lenovo-laptop-v14-amd-hero_1798.webp"/25026 Сом
"Ноутбук Lenovo V14-82C2 Celeron DC N4020 1.1-2.8GHz,4GB,1TB,14""HD,HDMI, IRON GRAY,NO DVDRW,Rus+Eng+сумка"/"https://enter.kg/images/stories/virtuemart/product/1)  v14- iron gray_3024.webp"/25112 Сом
"Lenovo V14 Celeron DC N4020 1.1-2.8GHz,4GB,500GB,14""HD,RUS,DOS HDMI, IRON GRAY"/"https://enter.kg/images/stories/virtuemart/product/ww-lenovo-laptop-v14-amd-hero_3517.webp"/25198 Сом
"Lenovo V14 Celeron DC N4020 1.1-2.8GHz,4GB,1TB,14""HD,RUS,DOS HDMI, IRON GRAY"/"https://enter.kg/images/stories/virtuemart/product/ww-lenovo-laptop-v14-amd-hero_3169.webp"/25284 Сом
"Notebook YEPO Silver Intel Quad Core J3455 (up to 2.3Ghz), 8GB, 128GB SSD, Intel HD Graphics, 15.6"" IPS FULL HD (1920x1080), WiFi, BT, HD WebCam, UltraSlim, Backlight Keyboard, Eng-Rus"/"https://enter.kg/images/stories/virtuemart/product/a-short-review-of-yepo-737s_8639.jpg"/25284 Сом
"Ноутбук Lenovo V14-82C2 Celeron DC N4020 1.1-2.8GHz,4GB,SSD120Gb,14""HD,HDMI, IRON GRAY,NO DVDRW,Rus+Eng+сумка"/"https://enter.kg/images/stories/virtuemart/product/1) v14_4533.jpg"/25370 Сом
"Lenovo V14 Celeron DC N4020 1.1-2.8GHz,4GB,SSD 240GB,14""HD,RUS,DOS HDMI, IRON GRAY"/"https://enter.kg/images/stories/virtuemart/product/ww-lenovo-laptop-v14-amd-hero_5250.webp"/25714 Сом
"Ноутбук Lenovo V14-82C2 Celeron DC N4020 1.1-2.8GHz,4GB,SSD240Gb,14""HD,HDMI, IRON GRAY,NO DVDRW,Rus+Eng+сумка"/"https://enter.kg/images/stories/virtuemart/product/1)  v14- iron gray_2084.webp"/25972 Сом
"Notebook YEPO Silver Intel Quad Core J3455 (up to 2.3Ghz), 8GB, 240GB SSD, Intel HD Graphics, 15.6"" IPS FULL HD (1920x1080), WiFi, BT, HD WebCam, UltraSlim, Backlight Keyboard, Eng-Rus"/"https://enter.kg/images/stories/virtuemart/product/a-short-review-of-yepo-737s_6438.jpg"/26144 Сом
"Acer Extensa EX215-31-C24S N4020 1.1-2.8GHz,4GB, 500GB,15.6""HD LED,RUS,LAN,BLACK"/"https://enter.kg/images/stories/virtuemart/product/1) ex215_6573.webp"/27520 Сом
"Ноутбук Lenovo V15-82C3 Celeron DC N4020 1.1-2.8GHz,4GB,SSD240Gb,15""HD,HDMI, IRON GRAY,NO DVDRW,Rus+Eng+чехол"/"https://enter.kg/images/stories/virtuemart/product/1) v15-iil_6192.jpg"/27606 Сом
"Acer Extensa EX215-31-C24S N4020 1.1-2.8GHz,4GB, SSD 120GB,15.6""HD LED,RUS,LAN,BLACK"/"https://enter.kg/images/stories/virtuemart/product/1) ex215_7775.webp"/27692 Сом
"Ноутбук Lenovo V14-82C2 Celeron DC N4020 1.1-2.8GHz,4GB,SSD 480Gb,14""HD,HDMI, IRON GRAY,NO DVDRW,Rus+Eng+сумка"/"https://enter.kg/images/stories/virtuemart/product/1) v14_4080.jpg"/27864 Сом
"Ноутбук Lenovo V15-82C3 Celeron DC N4020 1.1-2.8GHz,4GB,1TB,15""HD,HDMI, IRON GRAY,NO DVDRW,Rus+Eng+чехол"/"https://enter.kg/images/stories/virtuemart/product/1) v15-iil_1332.jpg"/27864 Сом
"Acer Extensa EX215-31-C24S N4020 1.1-2.8GHz,4GB, 1TB,15.6""HD LED,RUS,LAN,BLACK"/"https://enter.kg/images/stories/virtuemart/product/1) ex215_1614.webp"/27950 Сом
ACER A315 Intel Dual Core N4020 (4M Cache, up to 2.80 GHz) ,4GB DDR4,128GB SSD NVME ,15.6' Full HD (1920x1080),IPS матрица,LAN port,WIN10, Webcam,Wi-Fi ,Bluetooth ,Black, Eng-Rus/"https://enter.kg/images/stories/virtuemart/product/1) a315-42__1__5938.jfif"/28036 Сом
"Ноутбук Lenovo V15-82C3 Celeron DC N4020 1.1-2.8GHz,4GB,SSD120Gb,15""HD,HDMI, IRON GRAY,NO DVDRW,Rus+Eng+чехол"/"https://enter.kg/images/stories/virtuemart/product/1) v15-iil_3587.jpg"/28294 Сом
"Acer Extensa EX215-31-C24S N4020 1.1-2.8GHz,4GB, SSD 240GB,15.6""HD LED,RUS,LAN,BLACK"/"https://enter.kg/images/stories/virtuemart/product/1) ex215_4887.webp"/28380 Сом
ACER A315 Intel Dual Core N4020 (4M Cache, up to 2.80 GHz) ,4GB DDR4,256GB SSD NVME ,15.6' Full HD (1920x1080),IPS матрица,LAN port, Webcam,Wi-Fi ,Bluetooth ,Black, Eng-Rus/"https://enter.kg/images/stories/virtuemart/product/1) a315-42__1__2404.jfif"/28896 Сом
ASUS X515M Intel Dual Core N4020 (4M Cache, up to 2.80 GHz) ,4GB DDR4,128GB SSD NVME ,15.6' HD , Webcam,Wi-Fi ,Bluetooth ,GREY, Eng-Rus/"https://enter.kg/images/stories/virtuemart/product/1) x515 grey_1310.jpg"/28896 Сом
"Ноутбук ASUS-X543M/Celeron N4020/DDR4 4GB/1TB/15.6""/DVDRW/1B-Star Grey/Win10/Rus+Eng+сумка-чехол"/"https://enter.kg/images/yandex.png"/29326 Сом
ACER A315 Intel Dual Core N4020 (4M Cache, up to 2.80 GHz) ,8GB DDR4,128GB SSD NVME ,15.6' Full HD (1920x1080),IPS матрица,LAN port,WIN10, Webcam,Wi-Fi ,Bluetooth ,Black, Eng-Rus/"https://enter.kg/images/stories/virtuemart/product/1) a315-55g-55g-55g-55g-55g-55g-55g-55g-55g-55g-55g-55g-55g-55g-55g-55g-55g-55g-55g-55g-55g-55g-55g-55g-55gм_3888.jpg"/29756 Сом
"Acer Extensa 15 EX215-31-C4BN Intel Celeron N4020 (up to 2.8GHz), 15.6"" HD (1366х768), 8GB, 128GB, Intel UHD Graphics 600, WiFi, BT 4.1, Cam, LAN, RJ45, Eng-Rus, SHALE BLACK"/"https://enter.kg/images/stories/virtuemart/product/1) ex215_3344.webp"/29756 Сом
"Acer Extensa 15 EX215-31-C4BN Intel Celeron N4020 (up to 2.8GHz), 15.6"" HD (1366х768), 8GB, 500GB, Intel UHD Graphics 600, WiFi, BT 4.1, Cam, LAN, RJ45, Eng-Rus, SHALE BLACK + Windows 10 Home SL"/"https://enter.kg/images/stories/virtuemart/product/1) ex215_7721.webp"/29756 Сом
ASUS X515M Intel Dual Core N4020 (4M Cache, up to 2.80 GHz) ,4GB DDR4,1000GB HDD ,15.6' HD , Webcam,Wi-Fi ,Bluetooth ,GREY, Eng-Rus/"https://enter.kg/images/stories/virtuemart/product/1) x515 grey_7419.jpg"/29756 Сом
ASUS X515M Intel Dual Core N4020 (4M Cache, up to 2.80 GHz) ,4GB DDR4,256GB SSD NVME ,15.6' HD , Webcam,Wi-Fi ,Bluetooth ,GREY, Eng-Rus/"https://enter.kg/images/stories/virtuemart/product/1) x515 grey_8093.jpg"/29756 Сом
"Asus L510MA-WB04 Intel Celeron N4020 (up to 2.8GHz), 15.6"" LED FULL HD IPS (1920 x 1080), 4GB, 128GB SSD, Intel UHD Graphics 600, без привода, WiFi 5, BT, Cam, Eng-Rus, STAR BLACK + Windows 10 Home S with Microsoft 365 Includes (US version), UK plug"/"https://enter.kg/images/yandex.png"/29756 Сом
"Acer Extensa 15 EX215-31-C4BN Intel Celeron N4020 (up to 2.8GHz), 15.6"" HD (1366х768), 8GB, 1TB, Intel UHD Graphics 600, WiFi, BT 4.1, Cam, LAN, RJ45, Eng-Rus, SHALE BLACK"/"https://enter.kg/images/stories/virtuemart/product/1) ex215_6064.webp"/29928 Сом
"Ноутбук Lenovo V15-82C3 Celeron DC N4020 1.1-2.8GHz,4GB,SSD480Gb,15""HD,HDMI, IRON GRAY,NO DVDRW,Rus+Eng+чехол"/"https://enter.kg/images/stories/virtuemart/product/1) v15-iil_8596.jpg"/29928 Сом
"Acer A315-34 N5030 1.1-3.1GHz,4GB,500GB,15.6""HD LED,RUS,BLACK"/"https://enter.kg/images/stories/virtuemart/product/1) a315-42__1__5476.jfif"/30100 Сом
"Acer A315-34 N5030 1.1-3.1GHz,4GB,SSD 120GB,15.6""HD LED,RUS,BLACK"/"https://enter.kg/images/stories/virtuemart/product/1) a315-55g-55g-55g-55g-55g-55g-55g-55g-55g-55g-55g-55g-55g-55g-55g-55g-55g-55g-55g-55g-55g-55g-55g-55g-55gм_4055.jpg"/30100 Сом
"Acer Extensa EX215-31-C24S N4020 1.1-2.8GHz,8GB, SSD 120GB,15.6""HD LED,RUS,LAN,BLACK"/"https://enter.kg/images/stories/virtuemart/product/1) ex215_5195.webp"/30100 Сом
"Acer Extensa 15 EX215-31-C4BN Intel Celeron N4020 (up to 2.8GHz), 15.6"" HD (1366х768), 4GB, 480GB, Intel UHD Graphics 600, WiFi, BT 4.1, Cam, LAN, RJ45, Eng-Rus, SHALE BLACK"/"https://enter.kg/images/stories/virtuemart/product/1) ex215_6489.webp"/30186 Сом
"Acer Extensa 15 EX215-31-C4BN Intel Celeron N4020 (up to 2.8GHz), 15.6"" HD (1366х768), 8GB, 240GB, Intel UHD Graphics 600, WiFi, BT 4.1, Cam, LAN, RJ45, Eng-Rus, SHALE BLACK"/"https://enter.kg/images/stories/virtuemart/product/1) ex215_1214.webp"/30186 Сом
"Acer Extensa EX215-31-C24S N4020 1.1-2.8GHz,8GB, 1TB,15.6""HD LED,RUS,LAN,BLACK"/"https://enter.kg/images/stories/virtuemart/product/1) ex215_5315.webp"/30358 Сом
"Acer A315-34 N5030 1.1-3.1GHz,4GB,1TB,15.6""HD LED,RUS,BLACK"/"https://enter.kg/images/stories/virtuemart/product/1) a315-55g-55g-55g-55g-55g-55g-55g-55g-55g-55g-55g-55g-55g-55g-55g-55g-55g-55g-55g-55g-55g-55g-55g-55g-55gм_3027.jpg"/30530 Сом
ACER A315 Intel Dual Core N4020 (4M Cache, up to 2.80 GHz) ,8GB DDR4,256GB SSD NVME ,15.6' Full HD (1920x1080),IPS матрица,LAN port, Webcam,Wi-Fi ,Bluetooth ,Black, Eng-Rus/"https://enter.kg/images/stories/virtuemart/product/1) a315-55g-55g-55g-55g-55g-55g-55g-55g-55g-55g-55g-55g-55g-55g-55g-55g-55g-55g-55g-55g-55g-55g-55g-55g-55gм_8489.jpg"/30616 Сом
ASUS X515M Intel Dual Core N4020 (4M Cache, up to 2.80 GHz) ,8GB DDR4,128GB SSD NVME ,15.6' HD , Webcam,Wi-Fi ,Bluetooth ,GREY, Eng-Rus/"https://enter.kg/images/stories/virtuemart/product/1) x515_2428.png"/30616 Сом
"Asus L510MA-WB04 Intel Celeron N4020 (up to 2.8GHz), 15.6"" LED FULL HD IPS (1920 x 1080), 4GB, 256GB SSD, Intel UHD Graphics 600, без привода, WiFi 5, BT, Cam, Eng-Rus, STAR BLACK + Windows 10 Home S with Microsoft 365 Includes (US version), UK plug"/"https://enter.kg/images/yandex.png"/30616 Сом
"Acer Extensa EX215-31-C24S N4020 1.1-2.8GHz,8GB, SSD 240GB,15.6""HD LED,RUS,LAN,BLACK"/"https://enter.kg/images/stories/virtuemart/product/1) ex215_1782.webp"/30788 Сом
"Lenovo IdeaPad 3 15ADA05 AMD Athlon 3050U (up to 3.2GHz), 15.6"" LED HD (1366х768), 4GB, 120GB SSD, AMD Radeon Graphics, WiFi, BT 5.2, HD Web Camera, FreeDOS, Eng-Rus, PLATINUM GRAY"/"https://enter.kg/images/stories/virtuemart/product/1 ) l3 plat_4554.jpg"/30788 Сом
"Lenovo IdeaPad 3 15ADA05 AMD Athlon 3050U (up to 3.2GHz), 15.6"" LED HD (1366х768), 4GB, 1TB, AMD Radeon Graphics, WiFi, BT 5.2, HD Web Camera, FreeDOS, Eng-Rus, PLATINUM GRAY."/"https://enter.kg/images/stories/virtuemart/product/1 ) l3 plat_3931.jpg"/30788 Сом
"Acer A315-34 N5030 1.1-3.1GHz,4GB,SSD 240GB,15.6""HD LED,RUS,BLACK"/"https://enter.kg/images/stories/virtuemart/product/1) a315-42__1__8449.jfif"/30960 Сом
"Lenovo Ideapad S145-15API Silver AMD 3020e (up to 2.6Ghz), 4GB, 128GB SSD, AMD Radeon™ Graphics, 15.6"" LED, WiFi, BT, Cam, DOS, Eng-Rus"/"https://enter.kg/images/stories/virtuemart/product/10)  s145-15iwl platinum grey_6151.jpg"/31046 Сом
"Lenovo Ideapad S145-15API Silver AMD 3020e (up to 2.6Ghz), 4GB, 500GB, AMD Radeon™ Graphics, 15.6"" LED, WiFi, BT, Cam, DOS, Eng-Rus"/"https://enter.kg/images/stories/virtuemart/product/1) l340 15 платин_7718.jpg"/31046 Сом
"Ноутбук ASUS-X543M/Celeron N4020/DDR4 4GB/SSD-128GB/15.6""/DVDRW/1B-Star Grey/Rus+Eng+сумка-чехол"/"https://enter.kg/images/yandex.png"/31046 Сом
"Lenovo IdeaPad L3 A41TUN ATHLON 300U 2.4-3.3GHz,4GB,500GB, 15.6""FHD RUS BLACK"/"https://enter.kg/images/stories/virtuemart/product/1)  ideapad l3 business black_8487.png"/31132 Сом
"Lenovo IdeaPad L3 A41TUN ATHLON 300U 2.4-3.3GHz,4GB,SSD 120GB, 15.6""FHD RUS BLACK"/"https://enter.kg/images/stories/virtuemart/product/1)  ideapad l3 business black_8694.png"/31132 Сом
"Lenovo IdeaPad IP3 15ADA05 AMD A3050U 2.3-3.2GHz,4GB,1TB, 15.6""HD RUS, PLATINUM GRAY"/"https://enter.kg/images/stories/virtuemart/product/1) l3_4670.jpg"/31390 Сом
"Lenovo IdeaPad L3 A41TUN ATHLON 300U 2.4-3.3GHz,4GB,1TB, 15.6""FHD RUS BLACK"/"https://enter.kg/images/stories/virtuemart/product/1)  ideapad l3 business black_7793.png"/31390 Сом
ASUS X515M Intel Dual Core N4020 (4M Cache, up to 2.80 GHz) ,4GB DDR4,1000GB HDD+128GB SSD NVME ,15.6' HD , Webcam,Wi-Fi ,Bluetooth ,GREY, Eng-Rus/"https://enter.kg/images/stories/virtuemart/product/1) x515_1191.png"/31476 Сом
ASUS X515M Intel Dual Core N4020 (4M Cache, up to 2.80 GHz) ,8GB DDR4,1000GB HDD ,15.6' HD , Webcam,Wi-Fi ,Bluetooth ,GREY, Eng-Rus/"https://enter.kg/images/stories/virtuemart/product/1) x515 grey_3833.jpg"/31476 Сом
ASUS X515M Intel Dual Core N4020 (4M Cache, up to 2.80 GHz) ,8GB DDR4,256GB SSD NVME ,15.6' HD , Webcam,Wi-Fi ,Bluetooth ,GREY, Eng-Rus/"https://enter.kg/images/stories/virtuemart/product/1) x515 grey_6992.jpg"/31476 Сом
"Lenovo Ideapad S145-15API Silver AMD 3020e (up to 2.6Ghz), 4GB, 1TB, AMD Radeon™ Graphics, 15.6"" LED, WiFi, BT, Cam, DOS, Eng-Rus"/"https://enter.kg/images/stories/virtuemart/product/10)  s145-15iwl platinum grey_1059.jpg"/31476 Сом
"Lenovo V14-ADA AMD Athlon 3150U (up to 3,3GHz), 14"" LED FULL HD (1920x1080), 4GB, 128GB SSD, Intel UHD Graphics 600, WiFi+BT, HD Web Camera, FreeDOS, Eng-Rus, IRON GRAY + Windows 10 Home NAO"/"https://enter.kg/images/stories/virtuemart/product/1) v14_5814.jpg"/31476 Сом
"Lenovo IdeaPad 3 15ADA05 AMD Athlon 3050U (up to 3.2GHz), 15.6"" LED HD (1366х768), 4GB, 240GB SSD, AMD Radeon Graphics, WiFi, BT 5.2, HD Web Camera, FreeDOS, Eng-Rus, PLATINUM GRAY"/"https://enter.kg/images/stories/virtuemart/product/1 ) l3 plat_4786.jpg"/31648 Сом
"Lenovo IdeaPad L3 A41TUN ATHLON 300U 2.4-3.3GHz,4GB,SSD 240GB, 15.6""FHD RUS BLACK"/"https://enter.kg/images/stories/virtuemart/product/1)  ideapad l3 business black_2989.png"/31820 Сом
"Lenovo V14-ADA AMD Athlon 3150U (up to 3,3GHz), 14"" LED FULL HD (1920x1080), 4GB, 1TB, Intel UHD Graphics 600, WiFi+BT, HD Web Camera, FreeDOS, Eng-Rus, IRON GRAY"/"https://enter.kg/images/stories/virtuemart/product/1)  v14- iron gray_4056.webp"/31906 Сом
"Ноутбук ASUS-X543M/Celeron N4020/DDR4 4GB/SSD-256GB/15.6""/DVDRW/1B-Star Grey/Rus+Eng+сумка-чехол"/"https://enter.kg/images/yandex.png"/31906 Сом
"Lenovo IdeaPad IP3 15ADA05 AMD A3050U 2.3-3.2GHz,4GB,SSD 240GB, 15.6""HD RUS, PLATINUM GRAY"/"https://enter.kg/images/stories/virtuemart/product/1) l3_4767.jpg"/32250 Сом
"Lenovo IdeaPad IP3 315IGL05 N5030 1.1-3.1GHz,4GB,500GB, 15.6""HD RUS, PLATINUM GRAY"/"https://enter.kg/images/stories/virtuemart/product/1) l3_1124.jpg"/32250 Сом
ACER A315 Intel Dual Core N4020 (4M Cache, up to 2.80 GHz) ,4GB DDR4,512GB SSD NVME ,15.6' Full HD (1920x1080),IPS матрица,LAN port, Webcam,Wi-Fi ,Bluetooth ,Black, Eng-Rus/"https://enter.kg/images/stories/virtuemart/product/1) a315-42__1__4563.jfif"/32336 Сом
"Acer Extensa 15 EX215-31-C4BN Intel Celeron N4020 (up to 2.8GHz), 15.6"" HD (1366х768), 8GB, 480GB, Intel UHD Graphics 600, WiFi, BT 4.1, Cam, LAN, RJ45, Eng-Rus, SHALE BLACK"/"https://enter.kg/images/stories/virtuemart/product/1) ex215_1937.webp"/32336 Сом
ASUS X515M Intel Dual Core N4020 (4M Cache, up to 2.80 GHz) ,4GB DDR4,1000GB HDD+256GB SSD NVME ,15.6' HD , Webcam,Wi-Fi ,Bluetooth ,GREY, Eng-Rus/"https://enter.kg/images/stories/virtuemart/product/1) x515 grey_4525.jpg"/32336 Сом
ASUS X515M Intel Dual Core N4020 (4M Cache, up to 2.80 GHz) ,4GB DDR4,512GB SSD NVME ,15.6' HD , Webcam,Wi-Fi ,Bluetooth ,GREY, Eng-Rus/"https://enter.kg/images/stories/virtuemart/product/1) x515_4892.png"/32336 Сом
"Lenovo Ideapad S145-15API Silver AMD 3020e (up to 2.6Ghz), 4GB, 240GB SSD, AMD Radeon™ Graphics, 15.6"" LED, WiFi, BT, Cam, DOS, Eng-Rus"/"https://enter.kg/images/stories/virtuemart/product/1) l340 15 платин_5091.jpg"/32336 Сом
"Ноутбук HP 250 G7 1F3J3EA#ACB Intel Celeron N4020 (1.10-2.80GHz), 4GB DDR4, 1TB HDD, Intel UHD Graphics 600, 15.6""FHD (1920x1080) LED, WiFi ac, BT 4.2, HD WC, CR, DOS, Русская клавиатура, Black"/"https://enter.kg/images/stories/virtuemart/product/1001598121_3_644x461_new-hp-15-laptop-intel-core-i3-free-laptop-bag-computers-laptops_2331.jpg"/32336 Сом
"Acer A315-34 N5030 1.1-3.1GHz,8GB,SSD 120GB,15.6""HD LED,RUS,BLACK"/"https://enter.kg/images/stories/virtuemart/product/1) a315-42__1__4315.jfif"/32508 Сом
"Lenovo IdeaPad IP3 315IGL05 N5030 1.1-3.1GHz,4GB,SSD 120GB, 15.6""HD RUS, PLATINUM GRAY"/"https://enter.kg/images/stories/virtuemart/product/1) l3_2119.jpg"/32508 Сом
"Lenovo IdeaPad IP3 315IGL05 N5030 1.1-3.1GHz,4GB,1TB, 15.6""HD RUS, PLATINUM GRAY"/"https://enter.kg/images/stories/virtuemart/product/1) l3_1348.jpg"/32680 Сом
"Acer A315-34 N5030 1.1-3.1GHz,8GB,1TB,15.6""HD LED,RUS,BLACK"/"https://enter.kg/images/stories/virtuemart/product/1) a315-55g-55g-55g-55g-55g-55g-55g-55g-55g-55g-55g-55g-55g-55g-55g-55g-55g-55g-55g-55g-55g-55g-55g-55g-55gм_3481.jpg"/32766 Сом
"Lenovo V14-ADA AMD Athlon 3150U (up to 3,3GHz), 14"" LED FULL HD (1920x1080), 4GB, 240GB SSD, Intel UHD Graphics 600, WiFi+BT, HD Web Camera, FreeDOS, Eng-Rus, IRON GRAY"/"https://enter.kg/images/stories/virtuemart/product/1) v14_1883.jpg"/32766 Сом
"Notebook HP 250 G7 1F3J3EA#ACB Intel Celeron N4020 (1.10-2.80GHz), 4GB DDR4, 1TB HDD, Intel UHD Graphics 600, 15.6""FHD (1920x1080) LED, WiFi ac, BT 4.2, HD WC, CR, DOS, Русская клавиатура, Black"/"https://enter.kg/images/stories/virtuemart/product/1) 250 g7_2737.jpg"/32766 Сом
"Lenovo IdeaPad L340-15API ATHLON 300U 2.4-3.3GHz,4GB,1TB, 15.6""HD RUS BLACK"/"https://enter.kg/images/stories/virtuemart/product/1) l340 15 оычный._6176.jpg"/32852 Сом
"Acer A315-34 N5030 1.1-3.1GHz,8GB,SSD 240GB,15.6""HD LED,RUS,BLACK"/"https://enter.kg/images/stories/virtuemart/product/1) a315-42__1__4835.jfif"/32938 Сом
"ASUS X515MA Grey Intel Quad Core N4120 (up to 2.6Ghz), 4GB, 500GB, Intel UHD Graphics 600, 15.6"" LED HD, WiFi, BT, Cam, Win10, Eng-Rus"/"https://enter.kg/images/stories/virtuemart/product/1) x515 grey_4527.jpg"/33024 Сом
"Lenovo IdeaPad 3 15ADA05 AMD Athlon 3050U (up to 3.2GHz), 15.6"" LED HD (1366х768), 8GB, 120GB SSD, AMD Radeon Graphics, WiFi, BT 5.2, HD Web Camera, FreeDOS, Eng-Rus, PLATINUM GRAY"/"https://enter.kg/images/stories/virtuemart/product/1 ) l3 plat_4073.jpg"/33024 Сом
"Lenovo IdeaPad 3 15ADA05 AMD Athlon 3050U (up to 3.2GHz), 15.6"" LED HD (1366х768), 8GB, 1TB, AMD Radeon Graphics, WiFi, BT 5.2, HD Web Camera, FreeDOS, Eng-Rus, PLATINUM GRAY"/"https://enter.kg/images/stories/virtuemart/product/1) l3_1991.jpg"/33024 Сом
"Lenovo Ideapad L3-15ITL6 Platinum Grey Intel 6305 (1.8Ghz), 4GB, 500GB, Intel HD Graphics, 15.6"" IPS FULL HD (1920x1080), WiFi, BT, Cam, LAN RJ45, DOS, Eng-Rus"/"https://enter.kg/images/stories/virtuemart/product/1 ) l3 plat_3953.jpg"/33024 Сом
"Lenovo IdeaPad L340-15API ATHLON 300U 2.4-3.3GHz,4GB,SSD 120GB, 15.6""HD RUS BLACK"/"https://enter.kg/images/stories/virtuemart/product/1) l340 15 оычный._1110.jpg"/33110 Сом
ASUS X515M Intel Dual Core N4020 (4M Cache, up to 2.80 GHz) ,8GB DDR4,1000GB HDD+128GB SSD NVME ,15.6' HD , Webcam,Wi-Fi ,Bluetooth ,GREY, Eng-Rus/"https://enter.kg/images/stories/virtuemart/product/1) x515_7075.png"/33196 Сом
"Lenovo Ideapad L3-15ITL6 Platinum Grey Intel 6305 (1.8Ghz), 4GB, 128GB SSD, Intel HD Graphics, 15.6"" IPS FULL HD (1920x1080), WiFi, BT, Cam, LAN RJ45, DOS, Eng-Rus"/"https://enter.kg/images/stories/virtuemart/product/1 ) l3 plat_5213.jpg"/33196 Сом
"Lenovo Ideapad L3-15ITL6 Platinum Grey Intel 6305 (1.8Ghz), 4GB, 1TB, Intel HD Graphics, 15.6"" IPS FULL HD (1920x1080), WiFi, BT, Cam, LAN RJ45, DOS, Eng-Rus"/"https://enter.kg/images/stories/virtuemart/product/1) l3_8690.jpg"/33196 Сом
"Lenovo Ideapad S145-15API Silver AMD 3020e (up to 2.6Ghz), 8GB, 128GB SSD, AMD Radeon™ Graphics, 15.6"" LED, WiFi, BT, Cam, DOS, Eng-Rus"/"https://enter.kg/images/stories/virtuemart/product/10)  s145-15iwl platinum grey_6958.jpg"/33196 Сом
"Lenovo Ideapad S145-15API Silver AMD 3020e (up to 2.6Ghz), 8GB, 500GB, AMD Radeon™ Graphics, 15.6"" LED, WiFi, BT, Cam, DOS, Eng-Rus"/"https://enter.kg/images/stories/virtuemart/product/10)  s145-15iwl platinum grey_1099.jpg"/33196 Сом
"Lenovo V14-ADA AMD Athlon 3150U (up to 3,3GHz), 14"" LED FULL HD (1920x1080), 8GB, 128GB SSD, Intel UHD Graphics 600, WiFi+BT, HD Web Camera, FreeDOS, Eng-Rus, IRON GRAY + Windows 10 Home NAO."/"https://enter.kg/images/stories/virtuemart/product/1)  v14- iron gray_6496.webp"/33196 Сом
"Notebook Lenovo ideapad L3 15ITL6 Intel Pentium Gold 7505 (up to 3.5Hz), 4Gb, 1Tb, Intel UHD Graphics, m.2 NVMe, 15.6"" IPS FULL HD (1920x1080), WiFi, BT, Cam, LAN RJ45, DOS, Eng-Rus, серебристый"/"https://enter.kg/images/yandex.png"/33368 Сом
"Lenovo Ideapad S145-15API Silver AMD 3020e (up to 2.6Ghz), 8GB, 1TB, AMD Radeon™ Graphics, 15.6"" LED, WiFi, BT, Cam, DOS, Eng-Rus"/"https://enter.kg/images/stories/virtuemart/product/10)  s145-15iwl platinum grey_8220.jpg"/33626 Сом
"Lenovo V14-ADA AMD Athlon 3150U (up to 3,3GHz), 14"" LED FULL HD (1920x1080), 8GB, 1TB, Intel UHD Graphics 600, WiFi+BT, HD Web Camera, FreeDOS, Eng-Rus, IRON GRAY"/"https://enter.kg/images/stories/virtuemart/product/1) v14_2544.jpg"/33626 Сом
"Ноутбук Lenovo V145-15AST 81MT0017RU AMD A6-9225 (2.60-3.00GHz), 4GB DDR4, 1TB HDD, DVD±RW, AMD Radeon R4, 15.6""FHD (1920x1080) LED, WiFi ac, BT 4.1, WC, CR, DOS, Русская клавиатура, Black"/"https://enter.kg/images/stories/virtuemart/product/1 ) v145 ideapad-15-hero_2850.webp"/33626 Сом
"Lenovo IdeaPad L340-15API ATHLON 300U 2.4-3.3GHz,4GB,SSD 240GB, 15.6""HD RUS BLACK"/"https://enter.kg/images/stories/virtuemart/product/1) l340 15 оычный._4855.jpg"/33712 Сом
"ASUS X515MA Grey Intel Quad Core N4120 (up to 2.6Ghz), 4GB, 500GB, Intel UHD Graphics 600, 15.6"" LED FULL HD (1920x1080), WiFi, BT, Cam, Win10, Eng-Rus"/"https://enter.kg/images/stories/virtuemart/product/1) x515_7776.png"/33884 Сом
"Lenovo IdeaPad 3 15ADA05 AMD Athlon 3050U (up to 3.2GHz), 15.6"" LED HD (1366х768), 8GB, 240GB SSD, AMD Radeon Graphics, WiFi, BT 5.2, HD Web Camera, FreeDOS, Eng-Rus, PLATINUM GRAY"/"https://enter.kg/images/stories/virtuemart/product/1) l3_4962.jpg"/33884 Сом
"Notebook Lenovo V145-15AST 81MT0017RU AMD A6-9225 (2.60-3.00GHz), 4GB DDR4, 1TB HDD, DVD±RW, AMD Radeon R4, 15.6""FHD (1920x1080) LED, WiFi ac, BT 4.1, WC, CR, DOS, Русская клавиатура, Black"/"https://enter.kg/images/stories/virtuemart/product/1 ) v145 ideapad-15-hero_3435.webp"/33970 Сом
ACER A315 Intel Dual Core N4020 (4M Cache, up to 2.80 GHz) ,8GB DDR4,512GB SSD NVME ,15.6' Full HD (1920x1080),IPS матрица,LAN port, Webcam,Wi-Fi ,Bluetooth ,Black, Eng-Rus/"https://enter.kg/images/stories/virtuemart/product/1) a315-42__1__5805.jfif"/34056 Сом
ASUS X515M Intel Dual Core N4020 (4M Cache, up to 2.80 GHz) ,8GB DDR4,1000GB HDD+256GB SSD NVME ,15.6' HD , Webcam,Wi-Fi ,Bluetooth ,GREY, Eng-Rus/"https://enter.kg/images/stories/virtuemart/product/1) x515 grey_3928.jpg"/34056 Сом
ASUS X515M Intel Dual Core N4020 (4M Cache, up to 2.80 GHz) ,8GB DDR4,512GB SSD NVME ,15.6' HD , Webcam,Wi-Fi ,Bluetooth ,GREY, Eng-Rus/"https://enter.kg/images/stories/virtuemart/product/1) x515_4715.png"/34056 Сом
"Lenovo Ideapad L3-15ITL6 Platinum Grey Intel 6305 (1.8Ghz), 4GB, 256GB SSD, Intel HD Graphics, 15.6"" IPS FULL HD (1920x1080), WiFi, BT, Cam, LAN RJ45, DOS, Eng-Rus"/"https://enter.kg/images/stories/virtuemart/product/1 ) l3 plat_6302.jpg"/34056 Сом
"Lenovo V14-ADA AMD Athlon 3150U (up to 3,3GHz), 14"" LED FULL HD (1920x1080), 4GB, 1TB + 128GB SSD, Intel UHD Graphics 600, WiFi+BT, HD Web Camera, FreeDOS, Eng-Rus, IRON GRAY + Windows 10 Home NAO"/"https://enter.kg/images/stories/virtuemart/product/1)  v14- iron gray_7832.webp"/34056 Сом
"Lenovo V14-ADA AMD Athlon 3150U (up to 3,3GHz), 14"" LED FULL HD (1920x1080), 4GB, 480GB SSD, Intel UHD Graphics 600, WiFi+BT, HD Web Camera, FreeDOS, Eng-Rus, IRON GRAY"/"https://enter.kg/images/stories/virtuemart/product/1) v14_7453.jpg"/34056 Сом
"Ноутбук Lenovo ideapad L3 15ITL6 Intel Pentium Gold 7505 (up to 3.5Hz), 4Gb, 240GB SSD, Intel UHD Graphics, m.2 NVMe, 15.6"" IPS FULL HD (1920x1080), WiFi, BT, Cam, LAN RJ45, DOS, Eng-Rus, серебристый"/"https://enter.kg/images/stories/virtuemart/product/1) l3_8184.jpg"/34056 Сом
"Lenovo IdeaPad 3 15ADA05 AMD Athlon 3050U (up to 3.2GHz), 15.6"" LED HD (1366х768), 4GB, 1TB + 128GB SSD, AMD Radeon Graphics, WiFi, BT 5.2, HD Web Camera, FreeDOS, Eng-Rus, PLATINUM GRAY"/"https://enter.kg/images/stories/virtuemart/product/1) l3_1958.jpg"/34228 Сом
"Lenovo IdeaPad 3 15ADA05 AMD Athlon 3050U (up to 3.2GHz), 15.6"" LED HD (1366х768), 4GB, 480GB SSD, AMD Radeon Graphics, WiFi, BT 5.2, HD Web Camera, FreeDOS, Eng-Rus, PLATINUM GRAY"/"https://enter.kg/images/stories/virtuemart/product/1) l3_7904.jpg"/34228 Сом
"ASUS X515MA Grey Intel Quad Core N4120 (up to 2.6Ghz), 4GB, 128GB SSD, Intel UHD Graphics 600, 15.6"" LED HD, WiFi, BT, Cam, Win10, Eng-Rus"/"https://enter.kg/images/stories/virtuemart/product/1) x515 grey_4965.jpg"/34314 Сом
"Lenovo Ideapad S145-15API Silver AMD 3020e (up to 2.6Ghz), 8GB, 240GB SSD, AMD Radeon™ Graphics, 15.6"" LED, WiFi, BT, Cam, DOS, Eng-Rus"/"https://enter.kg/images/stories/virtuemart/product/10)  s145-15iwl platinum grey_5249.jpg"/34486 Сом
"Ноутбук ASUS-X543M/Celeron N4020/DDR4 4GB/SSD-480GB/15.6""/DVDRW/1B-Star Grey/Rus+Eng+сумка-чехол"/"https://enter.kg/images/yandex.png"/34486 Сом
"Acer Aspire A315 Black Intel N4000 (up to 2.6Ghz), 4GB, 120GB SSD, Intel HD Graphics, 15.6"" LED, WiFi, LAN RJ45, BT, Cam, DOS, Eng-Rus"/"https://enter.kg/images/stories/virtuemart/product/1) a315-55g-55g-55g-55g-55g-55g-55g-55g-55g-55g-55g-55g-55g-55g-55g-55g-55g-55g-55g-55g-55g-55g-55g-55g-55gм_6252.jpg"/34658 Сом
"Acer Aspire A315 Black Intel N4000 (up to 2.6Ghz), 4GB, 500GB, Intel HD Graphics, 15.6"" LED, WiFi, LAN RJ45, BT, Cam, DOS, Eng-Rus"/"https://enter.kg/images/stories/virtuemart/product/1) a315-55g-55g-55g-55g-55g-55g-55g-55g-55g-55g-55g-55g-55g-55g-55g-55g-55g-55g-55g-55g-55g-55g-55g-55g-55gм_4878.jpg"/34658 Сом
"Acer Aspire A315 Black Intel N4000 (up to 2.6Ghz), 4GB, 128GB SSD, Intel HD Graphics, 15.6"" LED, WiFi, LAN RJ45, BT, Cam, DOS, Eng-Rus"/"https://enter.kg/images/stories/virtuemart/product/1) a315-55g-55g-55g-55g-55g-55g-55g-55g-55g-55g-55g-55g-55g-55g-55g-55g-55g-55g-55g-55g-55g-55g-55g-55g-55gм_1756.jpg"/34744 Сом
"ASUS X515MA Grey Intel Quad Core N4120 (up to 2.6Ghz), 4GB, 1TB, Intel UHD Graphics 600, 15.6"" LED HD, WiFi, BT, Cam, Win10, Eng-Rus"/"https://enter.kg/images/stories/virtuemart/product/1) x515 grey_2697.jpg"/34744 Сом
"Lenovo Ideapad L3-15ITL6 Platinum Grey Intel 6305 (1.8Ghz), 8GB, 500GB, Intel HD Graphics, 15.6"" IPS FULL HD (1920x1080), WiFi, BT, Cam, LAN RJ45, DOS, Eng-Rus"/"https://enter.kg/images/stories/virtuemart/product/1) l3_5063.jpg"/34916 Сом
"Lenovo IdeaPad L340-15API ATHLON 300U 2.4-3.3GHz,8GB,1TB, 15.6""HD RUS BLACK"/"https://enter.kg/images/stories/virtuemart/product/1)  ideapad l3 business black_3816.png"/35002 Сом
"Lenovo Ideapad L3-15ITL6 Platinum Grey Intel 6305 (1.8Ghz), 8GB, 128GB SSD, Intel HD Graphics, 15.6"" IPS FULL HD (1920x1080), WiFi, BT, Cam, LAN RJ45, DOS, Eng-Rus"/"https://enter.kg/images/stories/virtuemart/product/1 ) l3 plat_6861.jpg"/35088 Сом
"Lenovo Ideapad L3-15ITL6 Platinum Grey Intel 6305 (1.8Ghz), 8GB, 1TB, Intel HD Graphics, 15.6"" IPS FULL HD (1920x1080), WiFi, BT, Cam, LAN RJ45, DOS, Eng-Rus"/"https://enter.kg/images/stories/virtuemart/product/1) l3_3508.jpg"/35088 Сом
"ASUS X515MA Grey Intel Quad Core N4120 (up to 2.6Ghz), 4GB, 128GB SSD, Intel UHD Graphics 600, 15.6"" LED FULL HD (1920x1080), WiFi, BT, Cam, Win10, Eng-Rus"/"https://enter.kg/images/stories/virtuemart/product/1) x515 grey_6500.jpg"/35174 Сом
"ASUS X515MA Grey Intel Quad Core N4120 (up to 2.6Ghz), 4GB, 240GB SSD, Intel UHD Graphics 600, 15.6"" LED HD, WiFi, BT, Cam, Win10, Eng-Rus"/"https://enter.kg/images/stories/virtuemart/product/1) x515_6374.png"/35174 Сом
"Lenovo IdeaPad 3 15ADA05 AMD Athlon 3050U (up to 3.2GHz), 15.6"" LED HD (1366х768), 12GB, 120GB SSD, AMD Radeon Graphics, WiFi, BT 5.2, HD Web Camera, FreeDOS, Eng-Rus, PLATINUM GRAY"/"https://enter.kg/images/stories/virtuemart/product/1 ) l3 plat_4031.jpg"/35174 Сом
"Lenovo IdeaPad 3 15ADA05 AMD Athlon 3050U (up to 3.2GHz), 15.6"" LED HD (1366х768), 12GB, 1TB, AMD Radeon Graphics, WiFi, BT 5.2, HD Web Camera, FreeDOS, Eng-Rus, PLATINUM GRAY"/"https://enter.kg/images/stories/virtuemart/product/1) l3_2997.jpg"/35174 Сом
"Lenovo IdeaPad L340-15API ATHLON 300U 2.4-3.3GHz,8GB,SSD 120GB, 15.6""HD RUS BLACK"/"https://enter.kg/images/stories/virtuemart/product/1) l340 15 оычный._8826.jpg"/35260 Сом
"Lenovo IdeaPad 3 15ADA05 AMD Athlon 3050U (up to 3.2GHz), 15.6"" LED HD (1366х768), 4GB, 1TB + 256GB SSD, AMD Radeon Graphics, WiFi, BT 5.2, HD Web Camera, FreeDOS, Eng-Rus, PLATINUM GRAY"/"https://enter.kg/images/yandex.png"/35346 Сом
"Lenovo V14-ADA AMD Athlon 3150U (up to 3,3GHz), 14"" LED FULL HD (1920x1080), 8GB, 240GB SSD, Intel UHD Graphics 600, WiFi+BT, HD Web Camera, FreeDOS, Eng-Rus, IRON GRAY"/"https://enter.kg/images/stories/virtuemart/product/1)  v14- iron gray_2752.webp"/35346 Сом
"Ноутбук ASUS-X543M/Celeron N4020/DDR4 4GB/SSD-512GB/15.6""/DVDRW/1B-Star Grey/Rus+Eng+сумка-чехол"/"https://enter.kg/images/yandex.png"/35346 Сом
"Acer Aspire A315 Intel Pentium Quad Core N5030 (up to 3.1Ghz), 4GB DDR4, 500GB, Intel® UHD Graphics 605, 15.6"" LED HD, WiFi, BT, Cam, LAN RJ45, DOS, Eng-Rus"/"https://enter.kg/images/stories/virtuemart/product/1) a315-42__1__7287.jfif"/35518 Сом
"Ноутбук Lenovo ideapad L3 15ITL6 Intel Pentium Gold 7505 (up to 3.5Hz), 8Gb, 1Tb, Intel UHD Graphics, m.2 NVMe, 15.6"" IPS FULL HD (1920x1080), WiFi, BT, Cam, LAN RJ45, DOS, Eng-Rus, серебристый"/"https://enter.kg/images/stories/virtuemart/product/1 ) l3 plat_6955.jpg"/35518 Сом
"Ноутбук Lenovo ideapad L3 15ITL6 Intel Pentium Gold 7505 (up to 3.5Hz), 8Gb, 240GB SSD, Intel UHD Graphics, m.2 NVMe, 15.6"" IPS FULL HD (1920x1080), WiFi, BT, Cam, LAN RJ45, DOS, Eng-Rus, серебристый"/"https://enter.kg/images/stories/virtuemart/product/1) l3_4193_6819.jpg"/35518 Сом
"Acer Aspire A315 Black Intel N4000 (up to 2.6Ghz), 4GB, 1TB, Intel HD Graphics, 15.6"" LED, WiFi, LAN RJ45, BT, Cam, DOS, Eng-Rus"/"https://enter.kg/images/stories/virtuemart/product/1) a315 3_1890.jpg"/35604 Сом
"ASUS X515MA Grey Intel Quad Core N4120 (up to 2.6Ghz), 4GB, 1TB, Intel UHD Graphics 600, 15.6"" LED FULL HD (1920x1080), WiFi, BT, Cam, Win10, Eng-Rus"/"https://enter.kg/images/stories/virtuemart/product/1) x515_7685.png"/35604 Сом
"Acer Aspire A315 Intel Pentium Quad Core N5030 (up to 3.1Ghz), 4GB DDR4, 128GB SSD, Intel® UHD Graphics 605, 15.6"" LED HD, WiFi, BT, Cam, LAN RJ45, DOS, Eng-Rus"/"https://enter.kg/images/stories/virtuemart/product/1) a315-55g-55g-55g-55g-55g-55g-55g-55g-55g-55g-55g-55g-55g-55g-55g-55g-55g-55g-55g-55g-55g-55g-55g-55g-55gм_7458.jpg"/35690 Сом
"Acer Aspire A315 Intel Pentium Quad Core N5030 (up to 3.1Ghz), 4GB DDR4, 1TB, Intel® UHD Graphics 605, 15.6"" LED HD, WiFi, BT, Cam, LAN RJ45, DOS, Eng-Rus"/"https://enter.kg/images/stories/virtuemart/product/1) a315-55g-55g-55g-55g-55g-55g-55g-55g-55g-55g-55g-55g-55g-55g-55g-55g-55g-55g-55g-55g-55g-55g-55g-55g-55gм_5778_4979.jpg"/35690 Сом
"Lenovo V14-ADA AMD Athlon 3150U (up to 3,3GHz), 14"" LED FULL HD (1920x1080), 4GB, 1TB + 256B SSD, Intel UHD Graphics 600, WiFi+BT, HD Web Camera, FreeDOS, Eng-Rus, IRON GRAY"/"https://enter.kg/images/stories/virtuemart/product/1) v14_7046.jpg"/35776 Сом
"Notebook Foxcon Metal Silver Intel Core i5-5257U (2.7-3.1Ghz), 8GB, 128GB SSD, Intel HD Graphics 6100, 15.6"" IPS FULL HD (1920x1080), WiFi, BT, HD WebCam, UltraSlim, Backlight Keyboard, Eng-Rus"/"https://enter.kg/images/stories/virtuemart/product/1_6728_2287_7256.webp"/35776 Сом
"Ноутбук Lenovo ideapad L3 15ITL6 Intel Pentium Gold 7505 (up to 3.5Hz), 4Gb, 480GB SSD, Intel UHD Graphics, m.2 NVMe, 15.6"" IPS FULL HD (1920x1080), WiFi, BT, Cam, LAN RJ45, DOS, Eng-Rus, серебристый"/"https://enter.kg/images/stories/virtuemart/product/1) l3_3812.jpg"/35776 Сом
"Acer Aspire A315 Black Intel N4000 (up to 2.6Ghz), 4GB, 240GB SSD, Intel HD Graphics, 15.6"" LED, WiFi, LAN RJ45, BT, Cam, DOS, Eng-Rus"/"https://enter.kg/images/stories/virtuemart/product/1) a315-55g-55g-55g-55g-55g-55g-55g-55g-55g-55g-55g-55g-55g-55g-55g-55g-55g-55g-55g-55g-55g-55g-55g-55g-55gм_4911.jpg"/36722 Сом
"Lenovo Ideapad L3-15ITL6 Platinum Grey Intel 6305 (1.8Ghz), 8GB, 256GB SSD, Intel HD Graphics, 15.6"" IPS FULL HD (1920x1080), WiFi, BT, Cam, LAN RJ45, DOS, Eng-Rus"/"https://enter.kg/images/stories/virtuemart/product/1 ) l3 plat_2731.jpg"/36722 Сом
"ASUS X515MA Grey Intel Quad Core N4120 (up to 2.6Ghz), 4GB, 240GB SSD, Intel UHD Graphics 600, 15.6"" LED FULL HD (1920x1080), WiFi, BT, Cam, Win10, Eng-Rus"/"https://enter.kg/images/stories/virtuemart/product/1) x515_8088.png"/36808 Сом
"ASUS X515MA Grey Intel Quad Core N4120 (up to 2.6Ghz), 8GB, 128GB SSD, Intel UHD Graphics 600, 15.6"" LED HD, WiFi, BT, Cam, Win10, Eng-Rus"/"https://enter.kg/images/stories/virtuemart/product/1) x515 grey_2460.jpg"/36808 Сом
"ASUS X515MA Grey Intel Quad Core N4120 (up to 2.6Ghz), 8GB, 500GB, Intel UHD Graphics 600, 15.6"" LED HD, WiFi, BT, Cam, Win10, Eng-Rus"/"https://enter.kg/images/stories/virtuemart/product/1) x515 grey_8368.jpg"/36808 Сом
"Lenovo IdeaPad 3 15ADA05 AMD Athlon 3050U (up to 3.2GHz), 15.6"" LED HD (1366х768), 12GB, 24G0B SSD, AMD Radeon Graphics, WiFi, BT 5.2, HD Web Camera, FreeDOS, Eng-Rus, PLATINUM GRAY"/"https://enter.kg/images/stories/virtuemart/product/1) l3_8617.jpg"/36808 Сом
"Lenovo IdeaPad 3 15ADA05 AMD Athlon 3050U (up to 3.2GHz), 15.6"" LED HD (1366х768), 8GB, 480GB SSD, AMD Radeon Graphics, WiFi, BT 5.2, HD Web Camera, FreeDOS, Eng-Rus, PLATINUM GRAY"/"https://enter.kg/images/stories/virtuemart/product/1 ) l3 plat_1093.jpg"/36808 Сом
"Ноутбук Lenovo L340-15API AMD Athlon 300U (up to 3,30 GHz) , 8GB DDR4, 240GB SSD, AMD Radeon Vega 3,15.6"" HD, m.2 NVMe,Webcam, LAN RJ45, Black, DOS, Eng-Rus"/"https://enter.kg/images/stories/virtuemart/product/1) l340 15 оычный._1442.jpg"/36808 Сом
"Lenovo IdeaPad 3 15ADA05 AMD Athlon 3050U (up to 3.2GHz), 15.6"" LED HD (1366х768), 8GB, 1TB + 128GB SSD, AMD Radeon Graphics, WiFi, BT 5.2, HD Web Camera, FreeDOS, Eng-Rus, PLATINUM GRAY"/"https://enter.kg/images/yandex.png"/36980 Сом
"Lenovo V14-ADA AMD Athlon 3150U (up to 3,3GHz), 14"" LED FULL HD (1920x1080), 12GB, 128GB SSD, Intel UHD Graphics 600, WiFi+BT, HD Web Camera, FreeDOS, Eng-Rus, IRON GRAY + Windows 10 Home NAO"/"https://enter.kg/images/stories/virtuemart/product/1)  v14- iron gray_3927.webp"/36980 Сом
"Lenovo V14-ADA AMD Athlon 3150U (up to 3,3GHz), 14"" LED FULL HD (1920x1080), 12GB, 1TB, Intel UHD Graphics 600, WiFi+BT, HD Web Camera, FreeDOS, Eng-Rus, IRON GRAY"/"https://enter.kg/images/stories/virtuemart/product/1) v14_1324.jpg"/36980 Сом
"Ноутбук Acer Aspire 3 A317-32-C3M5 Intel Celeron N4020 (1.10-2.80GHz), 4GB DDR4, 256GB SSD, Intel UHD Graphics 600, 17.3""HD+ (1600x900) LED, WiFi ac, BT 4.2, WC, DOS, Русская клавиатура, Shale Black"/"https://enter.kg/images/stories/virtuemart/product/4) a317-51_2494.jpg"/36980 Сом
"Ноутбук Lenovo ideapad L3 15ITL6 Intel Pentium Gold 7505 (up to 3.5Hz), 12Gb, 1Tb, Intel UHD Graphics, m.2 NVMe, 15.6"" IPS FULL HD (1920x1080), WiFi, BT, Cam, LAN RJ45, DOS, Eng-Rus, серебристый"/"https://enter.kg/images/stories/virtuemart/product/1) l3_7580.jpg"/36980 Сом
"ASUS X515MA Grey Intel Quad Core N4120 (up to 2.6Ghz), 8GB, 1TB, Intel UHD Graphics 600, 15.6"" LED HD, WiFi, BT, Cam, Win10, Eng-Rus"/"https://enter.kg/images/stories/virtuemart/product/1) x515 grey_5592.jpg"/37238 Сом
"Ноутбук Lenovo ideapad L3 15ITL6 Intel Pentium Gold 7505 (up to 3.5Hz), 12Gb, 240GB SSD, Intel UHD Graphics, m.2 NVMe, 15.6"" IPS FULL HD (1920x1080), WiFi, BT, Cam, LAN RJ45, DOS, Eng-Rus, серебристый"/"https://enter.kg/images/yandex.png"/37238 Сом
"Acer Aspire A315 Intel Pentium Quad Core N5030 (up to 3.1Ghz), 4GB DDR4, 256GB SSD, Intel® UHD Graphics 605, 15.6"" LED HD, WiFi, BT, Cam, LAN RJ45, DOS, Eng-Rus"/"https://enter.kg/images/stories/virtuemart/product/1) a315-55g-55g-55g-55g-55g-55g-55g-55g-55g-55g-55g-55g-55g-55g-55g-55g-55g-55g-55g-55g-55g-55g-55g-55g-55gм_4863.jpg"/37324 Сом
"Lenovo Ideapad S145-15AST Black A6-9225 (up to 3.00Ghz), 4GB DDR4, 128GB SSD, AMD Radeon R7 M445 2GB, 15.6"" LED HD, WiFi, BT, Cam, DOS, Eng-Rus"/"https://enter.kg/images/stories/virtuemart/product/1) s 145_6916.jpg"/37410 Сом
"Lenovo Ideapad S145-15AST Black A6-9225 (up to 3.00Ghz), 4GB DDR4, 1TB, AMD Radeon R7 M445 2GB, 15.6"" LED HD, WiFi, BT, Cam, DOS, Eng-Rus"/"https://enter.kg/images/stories/virtuemart/product/1) s 145_3016.jpg"/37410 Сом
"Lenovo Ideapad S145-15AST Black A6-9225 (up to 3.00Ghz), 4GB DDR4, 500GB, AMD Radeon R7 M445 2GB, 15.6"" LED HD, WiFi, BT, Cam, DOS, Eng-Rus"/"https://enter.kg/images/stories/virtuemart/product/1) s145_3478.jpg"/37410 Сом
"Lenovo V14-ADA AMD Athlon 3150U (up to 3,3GHz), 14"" LED FULL HD (1920x1080), 8GB, 1TB + 128GB SSD, Intel UHD Graphics 600, WiFi+BT, HD Web Camera, FreeDOS, Eng-Rus, IRON GRAY + Windows 10 Home NAO"/"https://enter.kg/images/stories/virtuemart/product/1)  v14- iron gray_1624.webp"/37410 Сом
"Lenovo V14-ADA AMD Athlon 3150U (up to 3,3GHz), 14"" LED FULL HD (1920x1080), 8GB, 480GB SSD, Intel UHD Graphics 600, WiFi+BT, HD Web Camera, FreeDOS, Eng-Rus, IRON GRAY"/"https://enter.kg/images/stories/virtuemart/product/1) v14_7036.jpg"/37410 Сом
"Notebook Acer Aspire 3 A317-32-C3M5 Intel Celeron N4020 (1.10-2.80GHz), 4GB DDR4, 256GB SSD, Intel UHD Graphics 600, 17.3""HD+ (1600x900) LED, WiFi ac, BT 4.2, WC, DOS, Русская клавиатура, Shale Black"/"https://enter.kg/images/stories/virtuemart/product/acer-a317-32-p8g6-4937842302_1180.jpg"/37410 Сом
"Ноутбук Lenovo ideapad L3 15ITL6 Intel Pentium Gold 7505 (up to 3.5Hz), 4Gb, 1Tb +240GB SDD m.2 NVMe , Intel UHD Graphics, 15.6"" IPS FULL HD (1920x1080), WiFi, BT, Cam, LAN RJ45, DOS, Eng-Rus, серебристый"/"https://enter.kg/images/yandex.png"/37410 Сом
"Acer Aspire A315 Intel Pentium Quad Core N5030 (up to 3.1Ghz), 8GB DDR4, 500GB, Intel® UHD Graphics 605, 15.6"" LED HD, WiFi, BT, Cam, LAN RJ45, DOS, Eng-Rus"/"https://enter.kg/images/stories/virtuemart/product/1) a315-55g-55g-55g-55g-55g-55g-55g-55g-55g-55g-55g-55g-55g-55g-55g-55g-55g-55g-55g-55g-55g-55g-55g-55g-55gм_2242.jpg"/37582 Сом
"ASUS X515MA Grey Intel Quad Core N4120 (up to 2.6Ghz), 8GB, 128GB SSD, Intel UHD Graphics 600, 15.6"" LED FULL HD (1920x1080), WiFi, BT, Cam, Win10, Eng-Rus"/"https://enter.kg/images/stories/virtuemart/product/1) x515 grey_4615.jpg"/37668 Сом
"ASUS X515MA Grey Intel Quad Core N4120 (up to 2.6Ghz), 8GB, 240GB SSD, Intel UHD Graphics 600, 15.6"" LED HD, WiFi, BT, Cam, Win10, Eng-Rus"/"https://enter.kg/images/stories/virtuemart/product/1) x515 grey_2014.jpg"/37668 Сом
"ASUS X515MA Grey Intel Quad Core N4120 (up to 2.6Ghz), 8GB, 500GB, Intel UHD Graphics 600, 15.6"" LED FULL HD (1920x1080), WiFi, BT, Cam, Win10, Eng-Rus"/"https://enter.kg/images/stories/virtuemart/product/1) x515_3562.png"/37668 Сом
"Acer Aspire A315 Intel Pentium Quad Core N5030 (up to 3.1Ghz), 8GB DDR4, 128GB SSD, Intel® UHD Graphics 605, 15.6"" LED HD, WiFi, BT, Cam, LAN RJ45, DOS, Eng-Rus"/"https://enter.kg/images/stories/virtuemart/product/1) a315-55g-55g-55g-55g-55g-55g-55g-55g-55g-55g-55g-55g-55g-55g-55g-55g-55g-55g-55g-55g-55g-55g-55g-55g-55gм_6085.jpg"/37754 Сом
"Acer Aspire A315 Intel Pentium Quad Core N5030 (up to 3.1Ghz), 8GB DDR4, 1TB, Intel® UHD Graphics 605, 15.6"" LED HD, WiFi, BT, Cam, LAN RJ45, DOS, Eng-Rus"/"https://enter.kg/images/stories/virtuemart/product/1) a315-55g-55g-55g-55g-55g-55g-55g-55g-55g-55g-55g-55g-55g-55g-55g-55g-55g-55g-55g-55g-55g-55g-55g-55g-55gм_4448.jpg"/37754 Сом
"Acer Aspire A315 Black Intel N4000 (up to 2.6Ghz), 8GB, 120GB SSD, Intel HD Graphics, 15.6"" LED, WiFi, LAN RJ45, BT, Cam, DOS, Eng-Rus"/"https://enter.kg/images/stories/virtuemart/product/1) a315-55g-55g-55g-55g-55g-55g-55g-55g-55g-55g-55g-55g-55g-55g-55g-55g-55g-55g-55g-55g-55g-55g-55g-55g-55gм_2031.jpg"/37840 Сом
"Acer Aspire A315 Black Intel N4000 (up to 2.6Ghz), 8GB, 500GB, Intel HD Graphics, 15.6"" LED, WiFi, LAN RJ45, BT, Cam, DOS, Eng-Rus"/"https://enter.kg/images/stories/virtuemart/product/1) a315-55g-55g-55g-55g-55g-55g-55g-55g-55g-55g-55g-55g-55g-55g-55g-55g-55g-55g-55g-55g-55g-55g-55g-55g-55gм_2766.jpg"/37840 Сом
"Notebook Foxcon Metal Silver Intel Core i5-5257U (2.7-3.1Ghz), 8GB, 256GB SSD, Intel HD Graphics 6100, 15.6"" IPS FULL HD (1920x1080), WiFi, BT, HD WebCam, UltraSlim, Backlight Keyboard, Eng-Rus"/"https://enter.kg/images/stories/virtuemart/product/1_6728_2287.jpg"/37840 Сом
"Acer Aspire A315 Black Intel N4000 (up to 2.6Ghz), 8GB, 128GB SSD, Intel HD Graphics, 15.6"" LED, WiFi, LAN RJ45, BT, Cam, DOS, Eng-Rus"/"https://enter.kg/images/stories/virtuemart/product/1) a315-55g-55g-55g-55g-55g-55g-55g-55g-55g-55g-55g-55g-55g-55g-55g-55g-55g-55g-55g-55g-55g-55g-55g-55g-55gм_8051.jpg"/37926 Сом
"ASUS X515MA Grey Intel Quad Core N4120 (up to 2.6Ghz), 8GB, 1TB, Intel UHD Graphics 600, 15.6"" LED FULL HD (1920x1080), WiFi, BT, Cam, Win10, Eng-Rus"/"https://enter.kg/images/stories/virtuemart/product/1) x515 grey_7866.jpg"/38098 Сом
"Ноутбук Lenovo ideapad L3 15ITL6 Intel Pentium Gold 7505 (up to 3.5Hz), 8Gb, 480GB SSD, Intel UHD Graphics, m.2 NVMe, 15.6"" IPS FULL HD (1920x1080), WiFi, BT, Cam, LAN RJ45, DOS, Eng-Rus, серебристый"/"https://enter.kg/images/yandex.png"/38184 Сом
"Acer A315-56 i3-1005G1 1.2-3.4GHz,4GB, 500GB, 15.6""HD LED ,RUS,BLACK"/"https://enter.kg/images/stories/virtuemart/product/1) a315-55g-55g-55g-55g-55g-55g-55g-55g-55g-55g-55g-55g-55g-55g-55g-55g-55g-55g-55g-55g-55g-55g-55g-55g-55gм_8988.jpg"/38270 Сом
"Acer A315-56 i3-1005G1 1.2-3.4GHz,4GB, SSD 120GB, 15.6""HD LED ,RUS,BLACK"/"https://enter.kg/images/stories/virtuemart/product/1) a315-55g-55g-55g-55g-55g-55g-55g-55g-55g-55g-55g-55g-55g-55g-55g-55g-55g-55g-55g-55g-55g-55g-55g-55g-55gм_5930.jpg"/38270 Сом
"Lenovo IdeaPad 3 15ADA05 AMD Athlon 3050U (up to 3.2GHz), 15.6"" LED HD (1366х768), 4GB, 1TB + 512GB SSD, AMD Radeon Graphics, WiFi, BT 5.2, HD Web Camera, FreeDOS, Eng-Rus, PLATINUM GRAY"/"https://enter.kg/images/yandex.png"/38270 Сом
"Lenovo IdeaPad 3 15ADA05 AMD Athlon 3050U (up to 3.2GHz), 15.6"" LED HD (1366х768), 8GB, 1TB + 256GB SSD, AMD Radeon Graphics, WiFi, BT 5.2, HD Web Camera, FreeDOS, Eng-Rus, PLATINUM GRAY"/"https://enter.kg/images/yandex.png"/38270 Сом
"Ноутбук Lenovo Ideapad V15-IIL Grey Intel Core i3-1005G1 (up to 3.4Ghz), 4GB, 1TB, Intel HD Graphics 620, 15.6"" LED FULL HD (1920x1080), WiFi, BT, Cam, DOS, Eng-Rus"/"https://enter.kg/images/yandex.png"/38270 Сом
"Acer A315-56 i3-1005G1 1.2-3.4GHz,4GB, 1TB, 15.6""HD LED ,RUS,BLACK"/"https://enter.kg/images/stories/virtuemart/product/1) a315-42__1__1862.jfif"/38528 Сом
"ASUS X515MA Grey Intel Quad Core N4120 (up to 2.6Ghz), 8GB, 240GB SSD, Intel UHD Graphics 600, 15.6"" LED FULL HD (1920x1080), WiFi, BT, Cam, Win10, Eng-Rus"/"https://enter.kg/images/stories/virtuemart/product/1) x515_8627.png"/38528 Сом
"Acer Aspire A315 Intel Pentium Quad Core N5030 (up to 3.1Ghz), 8GB DDR4, 256GB SSD, Intel® UHD Graphics 605, 15.6"" LED HD, WiFi, BT, Cam, LAN RJ45, DOS, Eng-Rus"/"https://enter.kg/images/stories/virtuemart/product/1) a315-55g-55g-55g-55g-55g-55g-55g-55g-55g-55g-55g-55g-55g-55g-55g-55g-55g-55g-55g-55g-55g-55g-55g-55g-55gм_6070.jpg"/38614 Сом
"Acer Aspire A315 Black Intel N4000 (up to 2.6Ghz), 8GB, 1TB, Intel HD Graphics, 15.6"" LED, WiFi, LAN RJ45, BT, Cam, DOS, Eng-Rus"/"https://enter.kg/images/stories/virtuemart/product/1) a315-55g-55g-55g-55g-55g-55g-55g-55g-55g-55g-55g-55g-55g-55g-55g-55g-55g-55g-55g-55g-55g-55g-55g-55g-55gм_1297.jpg"/38700 Сом
"Lenovo IdeaPad 3 15ADA05 AMD Athlon 3050U (up to 3.2GHz), 15.6"" LED HD (1366х768), 12GB, 480GB SSD, AMD Radeon Graphics, WiFi, BT 5.2, HD Web Camera, FreeDOS, Eng-Rus, PLATINUM GRAY"/"https://enter.kg/images/yandex.png"/38700 Сом
"Lenovo Ideapad S145-15AST Black A6-9225 (up to 3.00Ghz), 4GB DDR4, 240GB SSD, AMD Radeon R7 M445 2GB, 15.6"" LED HD, WiFi, BT, Cam, DOS, Eng-Rus"/"https://enter.kg/images/stories/virtuemart/product/1) s145_2810.jpg"/38700 Сом
"Lenovo V14-ADA AMD Athlon 3150U (up to 3,3GHz), 14"" LED FULL HD (1920x1080), 12GB, 240GB SSD, Intel UHD Graphics 600, WiFi+BT, HD Web Camera, FreeDOS, Eng-Rus, IRON GRAY"/"https://enter.kg/images/stories/virtuemart/product/1)  v14- iron gray_7666.webp"/38700 Сом
"Lenovo IdeaPad 3 15ADA05 AMD Athlon 3050U (up to 3.2GHz), 15.6"" LED HD (1366х768), 12GB, 1TB + 128GB SSD, AMD Radeon Graphics, WiFi, BT 5.2, HD Web Camera, FreeDOS, Eng-Rus, PLATINUM GRAY"/"https://enter.kg/images/yandex.png"/38786 Сом
"Lenovo IdeaPad IP3 15IIL05 i3-1005G1 1.2-3.4GHz,4GB,SSD 120GB, 15.6""HD RUS, PLATINUM GRAY"/"https://enter.kg/images/stories/virtuemart/product/1) l3_1447.jpg"/38786 Сом
"Acer Aspire A315 Intel Pentium Quad Core N5030 (up to 3.1Ghz), 4GB DDR4, 500GB + 128GB SSD, Intel® UHD Graphics 605, 15.6"" LED HD, WiFi, BT, Cam, LAN RJ45, DOS, Eng-Rus"/"https://enter.kg/images/stories/virtuemart/product/1) a315-55g-55g-55g-55g-55g-55g-55g-55g-55g-55g-55g-55g-55g-55g-55g-55g-55g-55g-55g-55g-55g-55g-55g-55g-55gм_8319.jpg"/38872 Сом
"Lenovo Ideapad 3 Platinum Grey Intel Core i3-1005G1 (up to 3.4Ghz), 4GB, 128GB SSD, Intel HD Graphics 620, 15.6"" LED HD, WiFi, BT, Cam, DOS, Eng-Rus"/"https://enter.kg/images/yandex.png"/38872 Сом
"Acer A315-56 i3-1005G1 1.2-3.4GHz,4GB, SSD 240GB, 15.6""HD LED ,RUS,BLACK"/"https://enter.kg/images/stories/virtuemart/product/1) a315-55g-55g-55g-55g-55g-55g-55g-55g-55g-55g-55g-55g-55g-55g-55g-55g-55g-55g-55g-55g-55g-55g-55g-55g-55gм_8355.jpg"/38958 Сом
"Acer Aspire A315 Intel Pentium Quad Core N5030 (up to 3.1Ghz), 4GB DDR4, 512GB SSD, Intel® UHD Graphics 605, 15.6"" LED HD, WiFi, BT, Cam, LAN RJ45, DOS, Eng-Rus"/"https://enter.kg/images/stories/virtuemart/product/1) a315-55g-55g-55g-55g-55g-55g-55g-55g-55g-55g-55g-55g-55g-55g-55g-55g-55g-55g-55g-55g-55g-55g-55g-55g-55gм_5660.jpg"/39044 Сом
"Ноутбук Lenovo ideapad L3 15ITL6 Intel Pentium Gold 7505 (up to 3.5Hz), 8Gb, 1Tb +240GB SDD m.2 NVMe , Intel UHD Graphics, 15.6"" IPS FULL HD (1920x1080), WiFi, BT, Cam, LAN RJ45, DOS, Eng-Rus, серебристый"/"https://enter.kg/images/yandex.png"/39044 Сом
"Acer Aspire A315 Black Intel N4000 (up to 2.6Ghz), 8GB, 240GB SSD, Intel HD Graphics, 15.6"" LED, WiFi, LAN RJ45, BT, Cam, DOS, Eng-Rus"/"https://enter.kg/images/stories/virtuemart/product/1) a315-55g-55g-55g-55g-55g-55g-55g-55g-55g-55g-55g-55g-55g-55g-55g-55g-55g-55g-55g-55g-55g-55g-55g-55g-55gм_4117.jpg"/39130 Сом
"Lenovo Ideapad L3-15ADA05 Black Ryzen 3 3250U (up to 3.5Ghz), 4GB, 128GB SSD, AMD Radeon™ Graphics, 15.6"" LED, WiFi, BT, Cam, DOS, Eng-Rus"/"https://enter.kg/images/stories/virtuemart/product/1)  ideapad l3 business black_2600.png"/39130 Сом
"Lenovo V14-ADA AMD Athlon 3150U (up to 3,3GHz), 14"" LED FULL HD (1920x1080), 4GB, 1TB + 512GB SSD, Intel UHD Graphics 600, WiFi+BT, HD Web Camera, FreeDOS, Eng-Rus, IRON GRAY"/"https://enter.kg/images/stories/virtuemart/product/1) v14_4958.jpg"/39130 Сом
"Lenovo V14-ADA AMD Athlon 3150U (up to 3,3GHz), 14"" LED FULL HD (1920x1080), 8GB, 1TB + 256B SSD, Intel UHD Graphics 600, WiFi+BT, HD Web Camera, FreeDOS, Eng-Rus, IRON GRAY"/"https://enter.kg/images/stories/virtuemart/product/1)  v14- iron gray_1524.webp"/39130 Сом
"Ноутбук Lenovo Ideapad V15-IIL Grey Intel Core i3-1005G1 (up to 3.4Ghz), 4GB, 240GB SSD, Intel HD Graphics 620, 15.6"" LED FULL HD (1920x1080), WiFi, BT, Cam, DOS, Eng-Rus"/"https://enter.kg/images/stories/virtuemart/product/1) v15-iil_3126.jpg"/39130 Сом
"Ноутбук Lenovo ideapad L3 15ITL6 Intel Pentium Gold 7505 (up to 3.5Hz), 12Gb, 480GB SSD, Intel UHD Graphics, m.2 NVMe, 15.6"" IPS FULL HD (1920x1080), WiFi, BT, Cam, LAN RJ45, DOS, Eng-Rus, серебристый"/"https://enter.kg/images/yandex.png"/39130 Сом
"Acer Aspire A315 Intel Pentium Quad Core N5030 (up to 3.1Ghz), 4GB DDR4, 1TB + 128GB SSD, Intel® UHD Graphics 605, 15.6"" LED HD, WiFi, BT, Cam, LAN RJ45, DOS, Eng-Rus"/"https://enter.kg/images/stories/virtuemart/product/1) a315-55g-55g-55g-55g-55g-55g-55g-55g-55g-55g-55g-55g-55g-55g-55g-55g-55g-55g-55g-55g-55g-55g-55g-55g-55gм_2291.jpg"/39302 Сом
"Lenovo Ideapad 3 Platinum Grey Intel Core i3-1005G1 (up to 3.4Ghz), 4GB, 500GB, Intel HD Graphics 620, 15.6"" LED HD, WiFi, BT, Cam, DOS, Eng-Rus"/"https://enter.kg/images/yandex.png"/39302 Сом
"Acer EX215-52-36GF i3-1005G1 1.2-3.4GHz,4GB, SSD 128GB, 15.6""HD,Win10PRO,LAN,BLACK"/"https://enter.kg/images/stories/virtuemart/product/1) extensa ex215_6764.jpg"/39474 Сом
"Lenovo Ideapad S145-15AST Black A6-9225 (up to 3.00Ghz), 8GB DDR4, 128GB SSD, AMD Radeon R7 M445 2GB, 15.6"" LED HD, WiFi, BT, Cam, DOS, Eng-Rus"/"https://enter.kg/images/stories/virtuemart/product/1)s145-15-4_4394.png"/39560 Сом
"Lenovo Ideapad S145-15AST Black A6-9225 (up to 3.00Ghz), 8GB DDR4, 1TB, AMD Radeon R7 M445 2GB, 15.6"" LED HD, WiFi, BT, Cam, DOS, Eng-Rus"/"https://enter.kg/images/stories/virtuemart/product/1) s 145_4942.jpg"/39560 Сом
"Lenovo Ideapad S145-15AST Black A6-9225 (up to 3.00Ghz), 8GB DDR4, 500GB, AMD Radeon R7 M445 2GB, 15.6"" LED HD, WiFi, BT, Cam, DOS, Eng-Rus"/"https://enter.kg/images/stories/virtuemart/product/1) s145_2967.jpg"/39560 Сом
"Lenovo IP3 15IML05 Pentium 6405U 2.4GHz,4GB,500GB, MX130 2GB, 15.6""HD RUS, PLATINUM GRAY"/"https://enter.kg/images/stories/virtuemart/product/1) l3_4089.jpg"/39560 Сом
"Lenovo IdeaPad 3 15ADA05 AMD Athlon 3050U (up to 3.2GHz), 15.6"" LED HD (1366х768), 12GB, 1TB + 256GB SSD, AMD Radeon Graphics, WiFi, BT 5.2, HD Web Camera, FreeDOS, Eng-Rus, PLATINUM GRAY"/"https://enter.kg/images/yandex.png"/39646 Сом
"Lenovo Ideapad 3 Platinum Grey Intel Core i3-1005G1 (up to 3.4Ghz), 4GB, 1TB, Intel HD Graphics 620, 15.6"" LED HD, WiFi, BT, Cam, DOS, Eng-Rus"/"https://enter.kg/images/yandex.png"/39732 Сом
"Lenovo V15 G1IML Intel Core i3-10110U (up to 4.1Ghz), 15.6"" HD (1366х768), 4GB, 128GB SSD, Intel HD Graphics 620, без привода, WiFi, BT, Cam, Eng-Rus, IRON GREY"/"https://enter.kg/images/stories/virtuemart/product/1) v15-iil_7304.jpg"/39818 Сом
"Lenovo V15 G1IML Intel Core i3-10110U (up to 4.1Ghz), 15.6"" HD (1366х768), 4GB, 1TB, Intel HD Graphics 620, без привода, WiFi, BT, Cam, Eng-Rus, IRON GREY."/"https://enter.kg/images/stories/virtuemart/product/1) v15-iil_2340.jpg"/39818 Сом
"Acer Aspire A315 Intel Pentium Quad Core N5030 (up to 3.1Ghz), 4GB DDR4, 500GB + 256GB SSD, Intel® UHD Graphics 605, 15.6"" LED HD, WiFi, BT, Cam, LAN RJ45, DOS, Eng-Rus"/"https://enter.kg/images/stories/virtuemart/product/1) a315-55g-55g-55g-55g-55g-55g-55g-55g-55g-55g-55g-55g-55g-55g-55g-55g-55g-55g-55g-55g-55g-55g-55g-55g-55gм_8432.jpg"/39904 Сом
"Lenovo IP3 15IML05 Pentium 6405U 2.4GHz,4GB,1TB, MX130 2GB, 15.6""HD RUS, PLATINUM GRAY"/"https://enter.kg/images/stories/virtuemart/product/1) l3_1001.jpg"/39904 Сом
"Asus X409F Intel Core i3-10110U (up to 4.1Ghz), 14"" HD (1366х768), 4GB, 128GB SSD, Intel HD Graphics 620, без привода, WiFi, BT, Cam, Fingerprint Scaner (Сканер отпечатка пальцев), Backlight Keyboard, Eng-Rus, SLATE GREY"/"https://enter.kg/images/stories/virtuemart/product/1) x409_3742.jpg"/39990 Сом
"Asus X409F Intel Core i3-10110U (up to 4.1Ghz), 14"" HD (1366х768), 4GB, 1TB Intel HD Graphics 620, без привода, WiFi, BT, Cam, Fingerprint Scaner (Сканер отпечатка пальцев), Backlight Keyboard, Eng-Rus, SLATE GREY."/"https://enter.kg/images/stories/virtuemart/product/1) x409_8290.jpg"/39990 Сом
"HP 250 G7 Dark Ash Intel Pentium Quad Core N5030 (up to 3.1Ghz), 4GB DDR4, 128GB SSD, Intel® UHD Graphics 605, 15.6"" LED FULL HD (1920x1080), WiFi, BT, Cam, DOS, Eng-Rus"/"https://enter.kg/images/stories/virtuemart/product/1) 250 g7_4591.jpg"/39990 Сом
"Lenovo Ideapad L3-15ADA05 Black Ryzen 3 3250U (up to 3.5Ghz), 4GB, 256GB SSD, AMD Radeon™ Graphics, 15.6"" LED, WiFi, BT, Cam, DOS, Eng-Rus"/"https://enter.kg/images/stories/virtuemart/product/1)  ideapad l3 business black_2744.png"/39990 Сом
"Lenovo V14-ADA AMD Athlon 3150U (up to 3,3GHz), 14"" LED FULL HD (1920x1080), 12GB, 480GB SSD, Intel UHD Graphics 600, WiFi+BT, HD Web Camera, FreeDOS, Eng-Rus, IRON GRAY"/"https://enter.kg/images/stories/virtuemart/product/1) v14_1406.jpg"/39990 Сом
"Ноутбук Lenovo ideapad L3 15ITL6 Intel Pentium Gold 7505 (up to 3.5Hz), 12Gb, 1Tb +240GB SDD m.2 NVMe , Intel UHD Graphics, 15.6"" IPS FULL HD (1920x1080), WiFi, BT, Cam, LAN RJ45, DOS, Eng-Rus, серебристый"/"https://enter.kg/images/yandex.png"/39990 Сом
"Lenovo IP3 15IML05 Pentium 6405U 2.4GHz,4GB,SSD 120GB, MX130 2GB, 15.6""HD RUS, PLATINUM GRAY"/"https://enter.kg/images/stories/virtuemart/product/1) l3_8355.jpg"/40162 Сом
"Ноутбук Lenovo Ideapad V15-IIL Grey Intel Core i3-1005G1 (up to 3.4Ghz), 4GB, 1TB+120GB SSD m. NVMe, Intel HD Graphics 620, 15.6"" LED FULL HD (1920x1080), WiFi, BT, Cam, DOS, Eng-Rus"/"https://enter.kg/images/stories/virtuemart/product/1) v15-iil_4078.jpg"/40248 Сом
"Acer Aspire A315 Intel Pentium Quad Core N5030 (up to 3.1Ghz), 8GB DDR4, 500GB + 128GB SSD, Intel® UHD Graphics 605, 15.6"" LED HD, WiFi, BT, Cam, LAN RJ45, DOS, Eng-Rus"/"https://enter.kg/images/stories/virtuemart/product/1) a315-55g-55g-55g-55g-55g-55g-55g-55g-55g-55g-55g-55g-55g-55g-55g-55g-55g-55g-55g-55g-55g-55g-55g-55g-55gм_5089.jpg"/40334 Сом
"Acer Extensa EX215-52 Black Intel Core i3-1005G1 (up to 3.4Ghz), 4GB, 128GB SSD, Intel HD Graphics 620, 15.6"" LED HD, WiFi, BT, Cam, LAN RJ45, Win10 Pro + Office 2019, Eng-Rus"/"https://enter.kg/images/stories/virtuemart/product/1) extensa ex215_6317.jpg"/40420 Сом
"ASUS X540UB Silver Intel Core i3-7020U (up to 3.1Ghz), 4GB, 500GB, Intel HD Graphics 620, 15.6"" LED FULL HD (1920x1080), DVDRW, WiFi, BT, Cam, DOS, Eng-Rus"/"https://enter.kg/images/stories/virtuemart/product/1)asus x540lj silver_6792.jpg"/40420 Сом
"Lenovo IdeaPad 3 15ADA05 AMD Athlon 3050U (up to 3.2GHz), 15.6"" LED HD (1366х768), 8GB, 1TB + 512GB SSD, AMD Radeon Graphics, WiFi, BT 5.2, HD Web Camera, FreeDOS, Eng-Rus, PLATINUM GRAY"/"https://enter.kg/images/yandex.png"/40420 Сом
"Lenovo V14-ADA AMD Athlon 3150U (up to 3,3GHz), 14"" LED FULL HD (1920x1080), 12GB, 1TB + 128GB SSD, Intel UHD Graphics 600, WiFi+BT, HD Web Camera, FreeDOS, Eng-Rus, IRON GRAY + Windows 10 Home NAO"/"https://enter.kg/images/stories/virtuemart/product/1)  v14- iron gray_3348.webp"/40420 Сом
"Notebook Foxcon Metal Silver Intel Core i5-5257U (2.7-3.1Ghz), 8GB, 512GB SSD, Intel HD Graphics 6100, 15.6"" IPS FULL HD (1920x1080), WiFi, BT, HD WebCam, UltraSlim, Backlight Keyboard, Eng-Rus"/"https://enter.kg/images/stories/virtuemart/product/1_2028_1599.jpg"/40420 Сом
"Ноутбук Lenovo Ideapad V15-IIL Grey Intel Core i3-1005G1 (up to 3.4Ghz), 8GB, 1TB, Intel HD Graphics 620, 15.6"" LED FULL HD (1920x1080), WiFi, BT, Cam, DOS, Eng-Rus"/"https://enter.kg/images/stories/virtuemart/product/1) v15-iil_1195.jpg"/40420 Сом
"Acer Aspire A315 Intel Pentium Quad Core N5030 (up to 3.1Ghz), 4GB DDR4, 1TB + 256GB SSD, Intel® UHD Graphics 605, 15.6"" LED HD, WiFi, BT, Cam, LAN RJ45, DOS, Eng-Rus"/"https://enter.kg/images/stories/virtuemart/product/1) a315-55g-55g-55g-55g-55g-55g-55g-55g-55g-55g-55g-55g-55g-55g-55g-55g-55g-55g-55g-55g-55g-55g-55g-55g-55gм_1309.jpg"/40592 Сом
"Lenovo Ideapad 3 Platinum Grey Intel Core i3-1005G1 (up to 3.4Ghz), 8GB, 128GB SSD, Intel HD Graphics 620, 15.6"" LED HD, WiFi, BT, Cam, DOS, Eng-Rus"/"https://enter.kg/images/yandex.png"/40592 Сом
"Lenovo Ideapad 3 Platinum Grey Intel Core i3-1005G1 (up to 3.4Ghz), 8GB, 500GB, Intel HD Graphics 620, 15.6"" LED HD, WiFi, BT, Cam, DOS, Eng-Rus"/"https://enter.kg/images/yandex.png"/40592 Сом
"Acer A315-56 i3-1005G1 1.2-3.4GHz,8GB, 1TB, 15.6""HD LED ,RUS,BLACK"/"https://enter.kg/images/yandex.png"/40678 Сом
"Acer A315-56 i3-1005G1 1.2-3.4GHz,8GB, SSD 240GB, 15.6""HD LED ,RUS,BLACK"/"https://enter.kg/images/yandex.png"/40678 Сом
"Lenovo V15 G1IML Intel Core i3-10110U (up to 4.1Ghz), 15.6"" HD (1366х768), 4GB, 256GB SSD, Intel HD Graphics 620, без привода, WiFi, BT, Cam, Eng-Rus, IRON GREY"/"https://enter.kg/images/stories/virtuemart/product/1) v15-iil_3662.jpg"/40678 Сом
"Ноутбук Lenovo Ideapad V15-IIL Grey Intel Core i3-1005G1 (up to 3.4Ghz), 8GB, 240GB SSD, Intel HD Graphics 620, 15.6"" LED FULL HD (1920x1080), WiFi, BT, Cam, DOS, Eng-Rus"/"https://enter.kg/images/stories/virtuemart/product/1) v15-iil_6077.jpg"/40678 Сом
"Acer EX215-52-36GF i3-1005G1 1.2-3.4GHz,4GB, SSD 240GB, 15.6""HD,LAN,BLACK"/"https://enter.kg/images/stories/virtuemart/product/1) extensa ex215_8742.jpg"/40764 Сом
"Acer Aspire A315 Intel Pentium Quad Core N5030 (up to 3.1Ghz), 8GB DDR4, 1TB + 128GB SSD, Intel® UHD Graphics 605, 15.6"" LED HD, WiFi, BT, Cam, LAN RJ45, DOS, Eng-Rus"/"https://enter.kg/images/stories/virtuemart/product/1) a315-55g-55g-55g-55g-55g-55g-55g-55g-55g-55g-55g-55g-55g-55g-55g-55g-55g-55g-55g-55g-55g-55g-55g-55g-55gм_7801.jpg"/40764 Сом
"Acer Extensa EX215-52 Black Intel Core i3-1005G1 (up to 3.4Ghz), 4GB, 500GB, Intel HD Graphics 620, 15.6"" LED HD, WiFi, BT, Cam, LAN RJ45, Win10 Pro + Office 2019, Eng-Rus"/"https://enter.kg/images/stories/virtuemart/product/1) extensa ex215_5745.jpg"/40764 Сом
"Lenovo IP3 15IML05 Pentium 6405U 2.4GHz,4GB,SSD 240GB, MX130 2GB, 15.6""HD RUS, PLATINUM GRAY"/"https://enter.kg/images/stories/virtuemart/product/1) l3_7876.jpg"/40764 Сом
"Acer Extensa EX215-52 Black Intel Core i3-1005G1 (up to 3.4Ghz), 4GB, 1TB, Intel HD Graphics 620, 15.6"" LED HD, WiFi, BT, Cam, LAN RJ45, Win10 Pro + Office 2019, Eng-Rus"/"https://enter.kg/images/stories/virtuemart/product/1) extensa ex215_2747.jpg"/40850 Сом
"ASUS X540UB Silver Intel Core i3-7020U (up to 3.1Ghz), 4GB, 1TB, Intel HD Graphics 620, 15.6"" LED FULL HD (1920x1080), DVDRW, WiFi, BT, Cam, DOS, Eng-Rus"/"https://enter.kg/images/stories/virtuemart/product/1)asus x540lj silver_4690.jpg"/40850 Сом
"HP 250 G7 Dark Ash Intel Pentium Quad Core N5030 (up to 3.1Ghz), 4GB DDR4, 256GB SSD, Intel® UHD Graphics 605, 15.6"" LED FULL HD (1920x1080), WiFi, BT, Cam, DOS, Eng-Rus"/"https://enter.kg/images/stories/virtuemart/product/1) 250 g7_1010.jpg"/40850 Сом
"Lenovo Ideapad S145-15AST Black A6-9225 (up to 3.00Ghz), 8GB DDR4, 240GB SSD, AMD Radeon R7 M445 2GB, 15.6"" LED HD, WiFi, BT, Cam, DOS, Eng-Rus"/"https://enter.kg/images/stories/virtuemart/product/1)s145-15-4_6834.png"/40850 Сом
"Ноутбук HP 15s-eq1136ur 22P99EA#ACB AMD Athlon Silver 3050U (2.30GHz-3.20GHz), 4GB DDR4, 256GB SSD, AMD Radeon Graphics, 15.6""FHD (1920x1080) IPS, WiFi ac, BT 4.2, HD WC, CR, DOS, Русская клавиатура, Gray"/"https://enter.kg/images/stories/virtuemart/product/1_1655.jfif"/40850 Сом
"Lenovo Ideapad 3 Platinum Grey Intel Core i3-1005G1 (up to 3.4Ghz), 4GB, 256GB SSD, Intel HD Graphics 620, 15.6"" LED HD, WiFi, BT, Cam, DOS, Eng-Rus"/"https://enter.kg/images/yandex.png"/41022 Сом
"ASUS X540UB Silver Intel Core i3-7020U (up to 3.1Ghz), 4GB, 120GB SSD, Intel HD Graphics 620, 15.6"" LED FULL HD (1920x1080), DVDRW, WiFi, BT, Cam, DOS, Eng-Rus"/"https://enter.kg/images/stories/virtuemart/product/1)asus x540lj silver_4893.jpg"/41108 Сом
"Ноутбук Lenovo Ideapad V15-IIL Grey Intel Core i3-1005G1 (up to 3.4Ghz), 4GB, 480GB SSD, Intel HD Graphics 620, 15.6"" LED FULL HD (1920x1080), WiFi, BT, Cam, DOS, Eng-Rus"/"https://enter.kg/images/stories/virtuemart/product/1) v15-iil_1400.jpg"/41108 Сом
"Acer Aspire A315 Intel Pentium Quad Core N5030 (up to 3.1Ghz), 8GB DDR4, 512GB SSD, Intel® UHD Graphics 605, 15.6"" LED HD, WiFi, BT, Cam, LAN RJ45, DOS, Eng-Rus"/"https://enter.kg/images/stories/virtuemart/product/1) a315-55g-55g-55g-55g-55g-55g-55g-55g-55g-55g-55g-55g-55g-55g-55g-55g-55g-55g-55g-55g-55g-55g-55g-55g-55gм_4834.jpg"/41194 Сом
"Asus X409F Intel Core i3-10110U (up to 4.1Ghz), 14"" HD (1366х768), 4GB, 256GB SSD, Intel HD Graphics 620, без привода, WiFi, BT, Cam, Fingerprint Scaner (Сканер отпечатка пальцев), Backlight Keyboard, Eng-Rus, SLATE GREY"/"https://enter.kg/images/stories/virtuemart/product/1) x409_3515.jpg"/41280 Сом
"HP 250 G7 Dark Ash Intel Pentium Quad Core N5030 (up to 3.1Ghz), 8GB DDR4, 128GB SSD, Intel® UHD Graphics 605, 15.6"" LED FULL HD (1920x1080), WiFi, BT, Cam, DOS, Eng-Rus"/"https://enter.kg/images/stories/virtuemart/product/1) 250 g7_6293.jpg"/41280 Сом
"Notebook HP 15s-eq1136ur 22P99EA#ACB AMD Athlon Silver 3050U (2.30GHz-3.20GHz), 4GB DDR4, 256GB SSD, AMD Radeon Graphics, 15.6""FHD (1920x1080) IPS, WiFi ac, BT 4.2, HD WC, CR, DOS, Русская клавиатура, Gray"/"https://enter.kg/images/yandex.png"/41280 Сом
"Acer EX215-52-36GF i3-1005G1 1.2-3.4GHz,4GB, 500GB+SSD 128GB,15.6""HD,Win10PRO,LAN,BLACK"/"https://enter.kg/images/stories/virtuemart/product/1) extensa ex215_8186.jpg"/41366 Сом
"Acer Aspire A315 Intel Pentium Quad Core N5030 (up to 3.1Ghz), 8GB DDR4, 500GB + 256GB SSD, Intel® UHD Graphics 605, 15.6"" LED HD, WiFi, BT, Cam, LAN RJ45, DOS, Eng-Rus"/"https://enter.kg/images/stories/virtuemart/product/1) a315-55g-55g-55g-55g-55g-55g-55g-55g-55g-55g-55g-55g-55g-55g-55g-55g-55g-55g-55g-55g-55g-55g-55g-55g-55gм_7467.jpg"/41452 Сом
"Lenovo Ideapad 3 Platinum Grey Intel Core i3-1005G1 (up to 3.4Ghz), 4GB, 1TB + 128GB SSD, Intel HD Graphics 620, 15.6"" LED HD, WiFi, BT, Cam, DOS, Eng-Rus"/"https://enter.kg/images/yandex.png"/41452 Сом
"Lenovo Ideapad 3 Platinum Grey Intel Core i3-1005G1 (up to 3.4Ghz), 8GB, 1TB, Intel HD Graphics 620, 15.6"" LED HD, WiFi, BT, Cam, DOS, Eng-Rus"/"https://enter.kg/images/yandex.png"/41452 Сом
"Lenovo V15 G1IML Intel Core i3-10110U (up to 4.1Ghz), 15.6"" HD (1366х768), 8GB, 128GB SSD, Intel HD Graphics 620, без привода, WiFi, BT, Cam, Eng-Rus, IRON GREY"/"https://enter.kg/images/stories/virtuemart/product/1) v15-iil_6304.jpg"/41538 Сом
"Lenovo V15 G1IML Intel Core i3-10110U (up to 4.1Ghz), 15.6"" HD (1366х768), 8GB, 1TB, Intel HD Graphics 620, без привода, WiFi, BT, Cam, Eng-Rus, IRON GREY"/"https://enter.kg/images/stories/virtuemart/product/1) v15-iil_2913.jpg"/41538 Сом
"Ноутбук Lenovo Ideapad V15-IIL Grey Intel Core i3-1005G1 (up to 3.4Ghz), 4GB, 1TB+240GB SSD m. NVMe, Intel HD Graphics 620, 15.6"" LED FULL HD (1920x1080), WiFi, BT, Cam, DOS, Eng-Rus"/"https://enter.kg/images/stories/virtuemart/product/1) v15-iil_3887.jpg"/41538 Сом
"Acer EX215-52-36GF i3-1005G1 1.2-3.4GHz,8GB, SSD 128GB, 15.6""HD,Win10PRO,LAN,BLACK"/"https://enter.kg/images/stories/virtuemart/product/1) extensa ex215_2843.jpg"/41624 Сом
"Acer Extensa EX215-52 Black Intel Core i3-1005G1 (up to 3.4Ghz), 4GB, 240GB SSD, Intel HD Graphics 620, 15.6"" LED HD, WiFi, BT, Cam, LAN RJ45, Win10 Pro + Office 2019, Eng-Rus"/"https://enter.kg/images/stories/virtuemart/product/1) extensa ex215_3803.jpg"/41710 Сом
"Lenovo IdeaPad 3 15ADA05 AMD Athlon 3050U (up to 3.2GHz), 15.6"" LED HD (1366х768), 12GB, 1TB + 512GB SSD, AMD Radeon Graphics, WiFi, BT 5.2, HD Web Camera, FreeDOS, Eng-Rus, PLATINUM GRAY"/"https://enter.kg/images/yandex.png"/41710 Сом
"Lenovo Ideapad L3-15ADA05 Black Ryzen 3 3250U (up to 3.5Ghz), 8GB, 128GB SSD, AMD Radeon™ Graphics, 15.6"" LED, WiFi, BT, Cam, DOS, Eng-Rus"/"https://enter.kg/images/stories/virtuemart/product/1)  ideapad l3 business black_6112.png"/41710 Сом
"Lenovo V14-ADA AMD Athlon 3150U (up to 3,3GHz), 14"" LED FULL HD (1920x1080), 8GB, 1TB + 512GB SSD, Intel UHD Graphics 600, WiFi+BT, HD Web Camera, FreeDOS, Eng-Rus, IRON GRAY"/"https://enter.kg/images/stories/virtuemart/product/1) v14_1350.jpg"/41710 Сом
"Ноутбук Lenovo Ideapad V15-IIL Grey Intel Core i3-1005G1 (up to 3.4Ghz), 12GB, 1TB, Intel HD Graphics 620, 15.6"" LED FULL HD (1920x1080), WiFi, BT, Cam, DOS, Eng-Rus"/"https://enter.kg/images/stories/virtuemart/product/1) v15-iil_7507.jpg"/41710 Сом
"Ноутбук Lenovo Ideapad V15-IIL Grey Intel Core i3-1005G1 (up to 3.4Ghz), 8GB, 1TB+120GB SSD m. NVMe, Intel HD Graphics 620, 15.6"" LED FULL HD (1920x1080), WiFi, BT, Cam, DOS, Eng-Rus"/"https://enter.kg/images/stories/virtuemart/product/1) v15-iil_5758.jpg"/41710 Сом
"Acer EX215-52-36GF i3-1005G1 1.2-3.4GHz,4GB, 1TB+SSD 128GB, 15.6""HD,Win10PRO,LAN,BLACK"/"https://enter.kg/images/stories/virtuemart/product/1) extensa ex215_2402.jpg"/41796 Сом
"Acer Extensa EX215-52 Black Intel Core i3-1005G1 (up to 3.4Ghz), 4GB, 256GB SSD, Intel HD Graphics 620, 15.6"" LED HD, WiFi, BT, Cam, LAN RJ45, Win10 Pro + Office 2019, Eng-Rus"/"https://enter.kg/images/stories/virtuemart/product/1) extensa ex215_4477.jpg"/41968 Сом
"Asus X409F Intel Core i3-10110U (up to 4.1Ghz), 14"" HD (1366х768), 8GB, 128GB SSD, Intel HD Graphics 620, без привода, WiFi, BT, Cam, Fingerprint Scaner (Сканер отпечатка пальцев), Backlight Keyboard, Eng-Rus, SLATE GREY"/"https://enter.kg/images/stories/virtuemart/product/1) x409_6483.jpg"/42140 Сом
"Asus X409F Intel Core i3-10110U (up to 4.1Ghz), 14"" HD (1366х768), 8GB, 1TB Intel HD Graphics 620, без привода, WiFi, BT, Cam, Fingerprint Scaner (Сканер отпечатка пальцев), Backlight, Keyboard Eng-Rus, SLATE GREY"/"https://enter.kg/images/stories/virtuemart/product/1) x409_3290.jpg"/42140 Сом
"HP 250 G7 Dark Ash Intel Pentium Quad Core N5030 (up to 3.1Ghz), 8GB DDR4, 256GB SSD, Intel® UHD Graphics 605, 15.6"" LED FULL HD (1920x1080), WiFi, BT, Cam, DOS, Eng-Rus"/"https://enter.kg/images/stories/virtuemart/product/1) 250 g7_8442.jpg"/42140 Сом
"Lenovo Ideapad S145-15AST Black A6-9225 (up to 3.00Ghz), 4GB DDR4, 1TB + 256GB SSD, AMD Radeon R7 M445 2GB, 15.6"" LED HD, WiFi, BT, Cam, DOS, Eng-Rus"/"https://enter.kg/images/stories/virtuemart/product/1)s145-15-4_1116.png"/42140 Сом
"Lenovo V14-ADA AMD Athlon 3150U (up to 3,3GHz), 14"" LED FULL HD (1920x1080), 12GB, 1TB + 256B SSD, Intel UHD Graphics 600, WiFi+BT, HD Web Camera, FreeDOS, Eng-Rus, IRON GRAY"/"https://enter.kg/images/stories/virtuemart/product/1)  v14- iron gray_1930.webp"/42140 Сом
"Ноутбук Lenovo Ideapad V15-IIL Grey Intel Core i3-1005G1 (up to 3.4Ghz), 12GB, 240GB SSD, Intel HD Graphics 620, 15.6"" LED FULL HD (1920x1080), WiFi, BT, Cam, DOS, Eng-Rus"/"https://enter.kg/images/stories/virtuemart/product/1) v15-iil_5870.jpg"/42226 Сом
"ASUS X540UB Silver Intel Core i3-7020U (up to 3.1Ghz), 4GB, 240GB SSD, Intel HD Graphics 620, 15.6"" LED FULL HD (1920x1080), DVDRW, WiFi, BT, Cam, DOS, Eng-Rus"/"https://enter.kg/images/stories/virtuemart/product/1)asus x540lj silver_1378.jpg"/42312 Сом
"ASUS X540UB Silver Intel Core i3-7020U (up to 3.1Ghz), 6GB, 1TB, Intel HD Graphics 620, 15.6"" LED FULL HD (1920x1080), DVDRW, WiFi, BT, Cam, DOS, Eng-Rus"/"https://enter.kg/images/stories/virtuemart/product/1)asus x540lj silver_4031.jpg"/42312 Сом
"Acer Extensa EX215-52 Black Intel Core i3-1005G1 (up to 3.4Ghz), 4GB, 500GB, Intel HD Graphics 620, 15.6"" LED FULL HD (1920x1080), WiFi, BT, Cam, LAN RJ45, DOS, Eng-Rus"/"https://enter.kg/images/stories/virtuemart/product/1) extensa ex215_5529.jpg"/42398 Сом
"Lenovo V15 G1IML Intel Core i3-10110U (up to 4.1Ghz), 15.6"" HD (1366х768), 4GB, 1TB + 128GB SSD, Intel HD Graphics 620, без привода, WiFi, BT, Cam, Eng-Rus, IRON GREY"/"https://enter.kg/images/stories/virtuemart/product/1) v15-iil_1980.jpg"/42398 Сом
"Lenovo V15 G1IML Intel Core i3-10110U (up to 4.1Ghz), 15.6"" HD (1366х768), 8GB, 256GB SSD, Intel HD Graphics 620, без привода, WiFi, BT, Cam, Eng-Rus, IRON GREY"/"https://enter.kg/images/stories/virtuemart/product/1) v15-iil_8916.jpg"/42398 Сом
"Ноутбук HP 15s-fq3025ur 3V048EA#ACB Intel Pentium N6000 (1.10GHz-3.30GHz), 4GB DDR4, 256GB SSD, Intel UHD Graphics, 15.6""FHD (1920x1080) IPS, WiFi ac, BT 4.2, HD WC, CR, DOS, Русская клавиатура, Grey"/"https://enter.kg/images/stories/virtuemart/product/1_4655.jfif"/42398 Сом
"Acer Extensa EX215-52 Black Intel Core i3-1005G1 (up to 3.4Ghz), 4GB, 128GB SSD, Intel HD Graphics 620, 15.6"" LED FULL HD (1920x1080), WiFi, BT, Cam, LAN RJ45, DOS, Eng-Rus"/"https://enter.kg/images/stories/virtuemart/product/1) extensa ex215_4046.jpg"/42484 Сом
"Acer Extensa EX215-52 Black Intel Core i3-1005G1 (up to 3.4Ghz), 4GB, 1TB, Intel HD Graphics 620, 15.6"" LED FULL HD (1920x1080), WiFi, BT, Cam, LAN RJ45, DOS, Eng-Rus"/"https://enter.kg/images/stories/virtuemart/product/1) extensa ex215_7338.jpg"/42484 Сом
"ASUS X540UB Silver Intel Core i3-7020U (up to 3.1Ghz), 6GB, 120GB SSD, Intel HD Graphics 620, 15.6"" LED FULL HD (1920x1080), DVDRW, WiFi, BT, Cam, DOS, Eng-Rus"/"https://enter.kg/images/stories/virtuemart/product/1)asus x540lj silver_5537.jpg"/42484 Сом
"Acer Aspire A315 Intel Pentium Quad Core N5030 (up to 3.1Ghz), 8GB DDR4, 1TB + 256GB SSD, Intel® UHD Graphics 605, 15.6"" LED HD, WiFi, BT, Cam, LAN RJ45, DOS, Eng-Rus"/"https://enter.kg/images/stories/virtuemart/product/1) a315-55g-55g-55g-55g-55g-55g-55g-55g-55g-55g-55g-55g-55g-55g-55g-55g-55g-55g-55g-55g-55g-55g-55g-55g-55gм_3787.jpg"/42570 Сом
"Acer Extensa EX215-52 Black Intel Core i3-1005G1 (up to 3.4Ghz), 8GB, 128GB SSD, Intel HD Graphics 620, 15.6"" LED HD, WiFi, BT, Cam, LAN RJ45, Win10 Pro + Office 2019, Eng-Rus"/"https://enter.kg/images/stories/virtuemart/product/1) extensa ex215_6057.jpg"/42570 Сом
"Asus X409F Intel Core i3-10110U (up to 4.1Ghz), 14"" HD (1366х768), 4GB, 1TB + 128GB SSD Intel HD Graphics 620, без привода, WiFi, BT, Cam, Fingerprint Scaner (Сканер отпечатка пальцев), Backlight Keyboard, Eng-Rus, SLATE GREY"/"https://enter.kg/images/stories/virtuemart/product/1) x409_8164.jpg"/42570 Сом
"Lenovo Ideapad L3-15ADA05 Black Ryzen 3 3250U (up to 3.5Ghz), 8GB, 256GB SSD, AMD Radeon™ Graphics, 15.6"" LED, WiFi, BT, Cam, DOS, Eng-Rus"/"https://enter.kg/images/stories/virtuemart/product/1)  ideapad l3 business black_1120.png"/42570 Сом
"Ноутбук Lenovo Ideapad V15-IIL Grey Intel Core i3-1005G1 (up to 3.4Ghz), 8GB, 480GB SSD, Intel HD Graphics 620, 15.6"" LED FULL HD (1920x1080), WiFi, BT, Cam, DOS, Eng-Rus"/"https://enter.kg/images/stories/virtuemart/product/1) v15-iil_6729.jpg"/42656 Сом
"Lenovo Ideapad 3 Platinum Grey Intel Core i3-1005G1 (up to 3.4Ghz), 8GB, 256GB SSD, Intel HD Graphics 620, 15.6"" LED HD, WiFi, BT, Cam, DOS, Eng-Rus"/"https://enter.kg/images/yandex.png"/42742 Сом
"Acer Aspire 315-56 Indigo Blue Intel Core i3-1005G1 (up to 3.4Ghz), 4GB, 500GB, Intel HD Graphics 620, 15.6"" LED FULL HD (1920x1080), WiFi, BT, Cam, LAN RJ45, DOS, Eng-Rus"/"https://enter.kg/images/stories/virtuemart/product/acer-aspire-a31556-indigo-blue-nxhs6eu009-9359843890042_8304.jpg"/42828 Сом
"Acer EX215-52-36GF i3-1005G1 1.2-3.4GHz,8GB, SSD 240GB, 15.6""HD,LAN,BLACK"/"https://enter.kg/images/stories/virtuemart/product/1) extensa ex215_7239.jpg"/42914 Сом
"Acer Aspire 315-56 Indigo Blue Intel Core i3-1005G1 (up to 3.4Ghz), 4GB, 128GB SSD, Intel HD Graphics 620, 15.6"" LED FULL HD (1920x1080), WiFi, BT, Cam, LAN RJ45, DOS, Eng-Rus"/"https://enter.kg/images/stories/virtuemart/product/acer-aspire-a31556-indigo-blue-nxhs6eu009-9359843890042_2621.jpg"/42914 Сом
"Acer Aspire 315-56 Indigo Blue Intel Core i3-1005G1 (up to 3.4Ghz), 4GB, 1TB, Intel HD Graphics 620, 15.6"" LED FULL HD (1920x1080), WiFi, BT, Cam, LAN RJ45, DOS, Eng-Rus"/"https://enter.kg/images/stories/virtuemart/product/acer-aspire-a31556-indigo-blue-nxhs6eu009-9359843890042_2003.jpg"/42914 Сом
"Asus X509UB (X509UB-EJ028) State Grey, Intel® Core™ i3-7020U, 4GB DDR3, 1TB, NVidia GeForce MX110 2GB, 15.6"" Full HD (1920x1080) AntiGlare, USB type-C, CardReader, WebCam, BT4.2,Wifi 5, Backlit keyboard, SonicMaster Sound, No OS, 33Wh Bat, 1.9kg"/"https://enter.kg/images/stories/virtuemart/product/1) x509 grey_5776.jfif"/43000 Сом
"HP 250 G8 Dark Ash Intel Core i3-1005G1 (up to 3.4Ghz), 4GB DDR4, 128GB SSD, Intel HD Graphics 620, 15.6"" LED FULL HD (1920x1080), WiFi, BT, Cam, DOS, Eng-Rus"/"https://enter.kg/images/yandex.png"/43000 Сом
"Lenovo Ideapad 3 Platinum Grey Intel Core i3-1005G1 (up to 3.4Ghz), 8GB, 500GB + 128GB SSD, Intel HD Graphics 620, 15.6"" LED HD, WiFi, BT, Cam, DOS, Eng-Rus"/"https://enter.kg/images/yandex.png"/43000 Сом
"Lenovo Ideapad 3 Platinum Grey Intel Core i3-1005G1 (up to 3.4Ghz), 4GB, 1TB + 256GB SSD, Intel HD Graphics 620, 15.6"" LED HD, WiFi, BT, Cam, DOS, Eng-Rus"/"https://enter.kg/images/yandex.png"/43172 Сом
"Lenovo Ideapad 3 Platinum Grey Intel Core i3-1005G1 (up to 3.4Ghz), 8GB, 1TB + 128GB SSD, Intel HD Graphics 620, 15.6"" LED HD, WiFi, BT, Cam, DOS, Eng-Rus"/"https://enter.kg/images/yandex.png"/43172 Сом
"Lenovo V15 G1IML Intel Core i3-10110U (up to 4.1Ghz), 15.6"" HD (1366х768), 12GB, 128GB SSD, Intel HD Graphics 620, без привода, WiFi, BT, Cam, Eng-Rus, IRON GREY"/"https://enter.kg/images/stories/virtuemart/product/1) v15-iil_3377.jpg"/43258 Сом
"Lenovo V15 G1IML Intel Core i3-10110U (up to 4.1Ghz), 15.6"" HD (1366х768), 12GB, 1TB, Intel HD Graphics 620, без привода, WiFi, BT, Cam, Eng-Rus, IRON GREY"/"https://enter.kg/images/stories/virtuemart/product/1) v15-iil_1532.jpg"/43258 Сом
"Lenovo V15 G1IML Intel Core i3-10110U (up to 4.1Ghz), 15.6"" HD (1366х768), 4GB, 1TB + 256GB SSD, Intel HD Graphics 620, без привода, WiFi, BT, Cam, Eng-Rus, IRON GREY"/"https://enter.kg/images/stories/virtuemart/product/1) v15-iil_7769.jpg"/43258 Сом
"Acer Extensa EX215-52 Black Intel Core i3-1005G1 (up to 3.4Ghz), 4GB, 256GB SSD, Intel HD Graphics 620, 15.6"" LED FULL HD (1920x1080), WiFi, BT, Cam, LAN RJ45, DOS, Eng-Rus"/"https://enter.kg/images/stories/virtuemart/product/1) extensa ex215_8447.jpg"/43344 Сом
"Acer Extensa EX215-52 Black Intel Core i3-1005G1 (up to 3.4Ghz), 4GB, 500GB + 128GB SSD, Intel HD Graphics 620, 15.6"" LED HD, WiFi, BT, Cam, LAN RJ45, Win10 Pro + Office 2019, Eng-Rus"/"https://enter.kg/images/stories/virtuemart/product/1) extensa ex215_3081.jpg"/43344 Сом
"ASUS X540UB Silver Intel Core i3-7020U (up to 3.1Ghz), 6GB, 240GB SSD, Intel HD Graphics 620, 15.6"" LED FULL HD (1920x1080), DVDRW, WiFi, BT, Cam, DOS, Eng-Rus"/"https://enter.kg/images/stories/virtuemart/product/1)asus x540lj silver_8192.jpg"/43344 Сом
"Acer Extensa EX215-52 Black Intel Core i3-1005G1 (up to 3.4Ghz), 4GB, 1TB + 128GB SSD, Intel HD Graphics 620, 15.6"" LED HD, WiFi, BT, Cam, LAN RJ45, Win10 Pro + Office 2019, Eng-Rus"/"https://enter.kg/images/stories/virtuemart/product/1) extensa ex215_4478.jpg"/43430 Сом
"Asus X409F Intel Core i3-10110U (up to 4.1Ghz), 14"" HD (1366х768), 8GB, 256GB SSD, Intel HD Graphics 620, без привода, WiFi, BT, Cam, Fingerprint Scaner (Сканер отпечатка пальцев), Backlight Keyboard, Eng-Rus, SLATE GRAY"/"https://enter.kg/images/stories/virtuemart/product/1) x409_6540.jpg"/43430 Сом
"Acer Aspire 315-56 Indigo Blue Intel Core i3-1005G1 (up to 3.4Ghz), 4GB, 256GB SSD, Intel HD Graphics 620, 15.6"" LED FULL HD (1920x1080), WiFi, BT, Cam, LAN RJ45, DOS, Eng-Rus"/"https://enter.kg/images/stories/virtuemart/product/acer-aspire-a31556-indigo-blue-nxhs6eu009-9359843890042_7468.jpg"/43774 Сом
"Asus X409F Intel Core i3-10110U (up to 4.1Ghz), 14"" HD (1366х768), 4GB, 512GB SSD, Intel HD Graphics 620, без привода, WiFi, BT, Cam, Fingerprint Scaner (Сканер отпечатка пальцев), Backlight Keyboard, Eng-Rus, SLATE GREY"/"https://enter.kg/images/stories/virtuemart/product/1) x409_2432.jpg"/43860 Сом
"ASUS X509JA Grey Intel Core i3-1005G1 (up to 3.4Ghz), 4GB, 500GB, Intel HD Graphics 620, 15.6"" LED FULL HD (1920x1080), WiFi, BT, Cam, DOS, Eng-Rus"/"https://enter.kg/images/stories/virtuemart/product/1) x509 grey_1324.jfif"/43860 Сом
"HP 255 G8 Dark Ash Ryzen 5 3500U (4ядра/8потоков, up to 3.7Ghz), 4GB, 128GB SSD, Radeon ™ Vega 8 Graphics, 15.6"" LED FULL HD (1920x1080), WiFi, BT, Cam, DOS, Eng-Rus"/"https://enter.kg/images/yandex.png"/43860 Сом
"Ноутбук Lenovo Ideapad V15-IIL Grey Intel Core i3-1005G1 (up to 3.4Ghz), 8GB, 1TB+240GB SSD m. NVMe, Intel HD Graphics 620, 15.6"" LED FULL HD (1920x1080), WiFi, BT, Cam, DOS, Eng-Rus"/"https://enter.kg/images/stories/virtuemart/product/1) v15-iil_6816.jpg"/43860 Сом
"Acer EX215-52-36GF i3-1005G1 1.2-3.4GHz,8GB, 1TB+SSD 128GB, 15.6""HD,Win10PRO,LAN,BLACK"/"https://enter.kg/images/stories/virtuemart/product/1) extensa ex215_6111.jpg"/43946 Сом
"Lenovo Ideapad S340-15IIL Platinum Grey Intel Core i3-1005G1 (up to 3.4Ghz), 4GB, 128GB SSD, Intel HD Graphics 620, 14.0"" IPS FULL HD (1920x1080), WiFi, BT, Cam, DOS, Backlight Keyboard, Eng-Rus"/"https://enter.kg/images/yandex.png"/43946 Сом
"ASUS X540UB Gold Intel Core i3-7020U (up to 3.1Ghz), 4GB, 500GB, Nvidia Geforce MX110 2GB, 15.6"" LED FULL HD (1920x1080), WiFi, BT, Cam, DOS, Eng-Rus"/"https://enter.kg/images/stories/virtuemart/product/1)x540sa satin gold_1695.jpg"/44032 Сом
"ASUS X540UB Silver Intel Core i3-7020U (up to 3.1Ghz), 4GB, 500GB, Nvidia Geforce MX110 2GB, 15.6"" LED FULL HD (1920x1080), WiFi, BT, Cam, DOS, Eng-Rus"/"https://enter.kg/images/stories/virtuemart/product/1)asus x540lj silver_7102.jpg"/44032 Сом
"Ноутбук Lenovo Ideapad V15-IIL Grey Intel Core i3-1005G1 (up to 3.4Ghz), 12GB, 1TB+120GB SSD m. NVMe, Intel HD Graphics 620, 15.6"" LED FULL HD (1920x1080), WiFi, BT, Cam, DOS, Eng-Rus"/"https://enter.kg/images/stories/virtuemart/product/1) v15-iil_4580.jpg"/44032 Сом
"ASUS X509JA Grey Intel Core i3-1005G1 (up to 3.4Ghz), 4GB, 1TB, Intel HD Graphics 620, 15.6"" LED FULL HD (1920x1080), WiFi, BT, Cam, DOS, Eng-Rus"/"https://enter.kg/images/stories/virtuemart/product/1) x509 grey_2206.jfif"/44118 Сом
"Lenovo V15 G1IML Intel Core i3-10110U (up to 4.1Ghz), 15.6"" HD (1366х768), 12GB, 256GB SSD, Intel HD Graphics 620, без привода, WiFi, BT, Cam, Eng-Rus, IRON GREY"/"https://enter.kg/images/stories/virtuemart/product/1) v15-iil_6939.jpg"/44118 Сом
"Lenovo V15 G1IML Intel Core i3-10110U (up to 4.1Ghz), 15.6"" HD (1366х768), 4GB, 512GB SSD, Intel HD Graphics 620, без привода, WiFi, BT, Cam, Eng-Rus, IRON GREY"/"https://enter.kg/images/stories/virtuemart/product/1) v15-iil_3891.jpg"/44118 Сом
"Lenovo V15 G1IML Intel Core i3-10110U (up to 4.1Ghz), 15.6"" HD (1366х768), 8GB, 1TB + 128GB SSD, Intel HD Graphics 620, без привода, WiFi, BT, Cam, Eng-Rus, IRON GREY"/"https://enter.kg/images/stories/virtuemart/product/1) v15-iil_3418.jpg"/44118 Сом
"Acer Extensa EX215-52 Black Intel Core i3-1005G1 (up to 3.4Ghz), 8GB, 500GB, Intel HD Graphics 620, 15.6"" LED FULL HD (1920x1080), WiFi, BT, Cam, LAN RJ45, DOS, Eng-Rus"/"https://enter.kg/images/stories/virtuemart/product/1) extensa ex215_8632.jpg"/44204 Сом
"ASUS X540UB Silver Intel Core i3-7020U (up to 3.1Ghz), 8GB, 1TB, Intel HD Graphics 620, 15.6"" LED FULL HD (1920x1080), DVDRW, WiFi, BT, Cam, DOS, Eng-Rus"/"https://enter.kg/images/stories/virtuemart/product/1)asus x540lj silver_2488.jpg"/44204 Сом
"Ноутбук Lenovo Ideapad V15-IIL Grey Intel Core i3-1005G1 (up to 3.4Ghz), 12GB, 480GB SSD, Intel HD Graphics 620, 15.6"" LED FULL HD (1920x1080), WiFi, BT, Cam, DOS, Eng-Rus"/"https://enter.kg/images/stories/virtuemart/product/1) v15-iil_8755.jpg"/44204 Сом
"Asus X409F Intel Core i3-10110U (up to 4.1Ghz), 14"" HD (1366х768), 12GB, 128GB SSD, Intel HD Graphics 620, без привода, WiFi, BT, Cam, Fingerprint Scaner (Сканер отпечатка пальцев), Backlight Keyboard, Eng-Rus, SLATE GREY"/"https://enter.kg/images/stories/virtuemart/product/1) x409_8827.jpg"/44290 Сом
"Asus X409F Intel Core i3-10110U (up to 4.1Ghz), 14"" HD (1366х768), 12GB, 1TB Intel HD Graphics 620, без привода, WiFi, BT, Cam, Fingerprint Scaner (Сканер отпечатка пальцев), Backlight Keyboard, Eng-Rus, SLATE GREY"/"https://enter.kg/images/stories/virtuemart/product/1) x409_5386.jpg"/44290 Сом
"Asus X409F Intel Core i3-10110U (up to 4.1Ghz), 14"" HD (1366х768), 4GB, 1TB + 256GB SSD Intel HD Graphics 620, без привода, WiFi, BT, Cam, Fingerprint Scaner (Сканер отпечатка пальцев), Backlight Keyboard, Eng-Rus, SLATE GREY"/"https://enter.kg/images/stories/virtuemart/product/1) x409_2923.jpg"/44290 Сом
"HP 250 G8 Dark Ash Intel Core i3-1005G1 (up to 3.4Ghz), 4GB DDR4, 256GB SSD, Intel HD Graphics 620, 15.6"" LED FULL HD (1920x1080), WiFi, BT, Cam, DOS, Eng-Rus"/"https://enter.kg/images/yandex.png"/44290 Сом
"Lenovo Ideapad S145-15AST Black A6-9225 (up to 3.00Ghz), 8GB DDR4, 1TB + 256GB SSD, AMD Radeon R7 M445 2GB, 15.6"" LED HD, WiFi, BT, Cam, DOS, Eng-Rus"/"https://enter.kg/images/stories/virtuemart/product/1) s145_8165.jpg"/44290 Сом
"ASUS X540UB Gold Intel Core i3-7020U (up to 3.1Ghz), 4GB, 1TB, Nvidia Geforce MX110 2GB, 15.6"" LED FULL HD (1920x1080), WiFi, BT, Cam, DOS, Eng-Rus"/"https://enter.kg/images/stories/virtuemart/product/1)x540sa satin gold_7233.jpg"/44376 Сом
"ASUS X540UB Silver Intel Core i3-7020U (up to 3.1Ghz), 4GB, 1TB, Nvidia Geforce MX110 2GB, 15.6"" LED FULL HD (1920x1080), WiFi, BT, Cam, DOS, Eng-Rus"/"https://enter.kg/images/stories/virtuemart/product/1)asus x540lj silver_6802.jpg"/44376 Сом
"Acer Extensa EX215-52 Black Intel Core i3-1005G1 (up to 3.4Ghz), 8GB, 128GB SSD, Intel HD Graphics 620, 15.6"" LED FULL HD (1920x1080), WiFi, BT, Cam, LAN RJ45, DOS, Eng-Rus"/"https://enter.kg/images/stories/virtuemart/product/1) extensa ex215_4924.jpg"/44462 Сом
"Acer Extensa EX215-52 Black Intel Core i3-1005G1 (up to 3.4Ghz), 8GB, 1TB, Intel HD Graphics 620, 15.6"" LED FULL HD (1920x1080), WiFi, BT, Cam, LAN RJ45, DOS, Eng-Rus"/"https://enter.kg/images/stories/virtuemart/product/1) extensa ex215_8579.jpg"/44462 Сом
"Acer Aspire 315-56 Indigo Blue Intel Core i3-1005G1 (up to 3.4Ghz), 8GB, 500GB, Intel HD Graphics 620, 15.6"" LED FULL HD (1920x1080), WiFi, BT, Cam, LAN RJ45, DOS, Eng-Rus"/"https://enter.kg/images/stories/virtuemart/product/acer-aspire-a31556-indigo-blue-nxhs6eu009-9359843890042_6483.jpg"/44634 Сом
"Acer Extensa EX215-52 Black Intel Core i3-1005G1 (up to 3.4Ghz), 8GB, 500GB, Intel HD Graphics 620, 15.6"" LED HD, WiFi, BT, Cam, LAN RJ45, Win10 Pro + Office 2019, Eng-Rus"/"https://enter.kg/images/stories/virtuemart/product/1) extensa ex215_1435.jpg"/44634 Сом
"ASUS X540UB Gold Intel Core i3-7020U (up to 3.1Ghz), 4GB, 128GB SSD, Nvidia Geforce MX110 2GB, 15.6"" LED FULL HD (1920x1080), WiFi, BT, Cam, DOS, Eng-Rus"/"https://enter.kg/images/stories/virtuemart/product/1)x540sa satin gold_4945.jpg"/44634 Сом
"ASUS X540UB Silver Intel Core i3-7020U (up to 3.1Ghz), 4GB, 128GB SSD, Nvidia Geforce MX110 2GB, 15.6"" LED FULL HD (1920x1080), WiFi, BT, Cam, DOS, Eng-Rus"/"https://enter.kg/images/stories/virtuemart/product/1)asus x540lj silver_4703.jpg"/44634 Сом
"ASUS X540UB Silver Intel Core i3-7020U (up to 3.1Ghz), 4GB, 1TB + 120GB SSD, Intel HD Graphics 620, 15.6"" LED FULL HD (1920x1080), WiFi, BT, Cam, DOS, Eng-Rus"/"https://enter.kg/images/stories/virtuemart/product/1)asus x540lj silver_8670.jpg"/44634 Сом
"ASUS X540UB Silver Intel Core i3-7020U (up to 3.1Ghz), 8GB, 120GB SSD, Intel HD Graphics 620, 15.6"" LED FULL HD (1920x1080), DVDRW, WiFi, BT, Cam, DOS, Eng-Rus"/"https://enter.kg/images/stories/virtuemart/product/1)asus x540lj silver_6649.jpg"/44634 Сом
"Lenovo Ideapad S340-15IIL Platinum Grey Intel Core i3-1005G1 (up to 3.4Ghz), 4GB, 240GB SSD, Intel HD Graphics 620, 14.0"" IPS FULL HD (1920x1080), WiFi, BT, Cam, DOS, Backlight Keyboard, Eng-Rus"/"https://enter.kg/images/yandex.png"/44634 Сом
"Acer Extensa EX215-52 Black Intel Core i3-1005G1 (up to 3.4Ghz), 8GB, 1TB, Intel HD Graphics 620, 15.6"" LED HD, WiFi, BT, Cam, LAN RJ45, Win10 Pro + Office 2019, Eng-Rus"/"https://enter.kg/images/stories/virtuemart/product/1) extensa ex215_7723.jpg"/44720 Сом
"Asus X409F Intel Core i3-10110U (up to 4.1Ghz), 14"" HD (1366х768), 8GB, 1TB + 128GB SSD Intel HD Graphics 620, без привода, WiFi, BT, Cam, Fingerprint Scaner (Сканер отпечатка пальцев), Backlight Keyboard, Eng-Rus, SLATE GREY"/"https://enter.kg/images/stories/virtuemart/product/1) x409_5332.jpg"/44720 Сом
"Lenovo Ideapad 3 Platinum Grey Intel Core i3-1005G1 (up to 3.4Ghz), 8GB, 500GB + 256GB SSD, Intel HD Graphics 620, 15.6"" LED HD, WiFi, BT, Cam, DOS, Eng-Rus"/"https://enter.kg/images/yandex.png"/44720 Сом
"Lenovo V14-ADA AMD Athlon 3150U (up to 3,3GHz), 14"" LED FULL HD (1920x1080), 12GB, 1TB + 512GB SSD, Intel UHD Graphics 600, WiFi+BT, HD Web Camera, FreeDOS, Eng-Rus, IRON GRAY"/"https://enter.kg/images/stories/virtuemart/product/1) v14_6402.jpg"/44720 Сом
"Lenovo Ideapad S340-15IIL Platinum Grey Intel Core i3-1005G1 (up to 3.4Ghz), 4GB, 256GB SSD, Intel HD Graphics 620, 14.0"" IPS FULL HD (1920x1080), WiFi, BT, Cam, DOS, Backlight Keyboard, Eng-Rus"/"https://enter.kg/images/yandex.png"/44806 Сом
"Lenovo Ideapad S340-15IIL Platinum Grey Intel Core i3-1005G1 (up to 3.4Ghz), 8GB, 128GB SSD, Intel HD Graphics 620, 14.0"" IPS FULL HD (1920x1080), WiFi, BT, Cam, DOS, Backlight Keyboard, Eng-Rus"/"https://enter.kg/images/yandex.png"/44806 Сом
"Acer Aspire 315-56 Indigo Blue Intel Core i3-1005G1 (up to 3.4Ghz), 8GB, 128GB SSD, Intel HD Graphics 620, 15.6"" LED FULL HD (1920x1080), WiFi, BT, Cam, LAN RJ45, DOS, Eng-Rus"/"https://enter.kg/images/stories/virtuemart/product/acer-aspire-a31556-indigo-blue-nxhs6eu009-9359843890042_1361.jpg"/44892 Сом
"Acer Aspire 315-56 Indigo Blue Intel Core i3-1005G1 (up to 3.4Ghz), 8GB, 1TB, Intel HD Graphics 620, 15.6"" LED FULL HD (1920x1080), WiFi, BT, Cam, LAN RJ45, DOS, Eng-Rus"/"https://enter.kg/images/stories/virtuemart/product/acer-aspire-a31556-indigo-blue-nxhs6eu009-9359843890042_6708.jpg"/44892 Сом
"Acer Extensa EX215-52 Black Intel Core i3-1005G1 (up to 3.4Ghz), 12GB, 128GB SSD, Intel HD Graphics 620, 15.6"" LED HD, WiFi, BT, Cam, LAN RJ45, Win10 Pro + Office 2019, Eng-Rus"/"https://enter.kg/images/stories/virtuemart/product/1) extensa ex215_7627.jpg"/44892 Сом
"Lenovo Ideapad 3 Platinum Grey Intel Core i3-1005G1 (up to 3.4Ghz), 12GB, 1TB + 128GB SSD, Intel HD Graphics 620, 15.6"" LED HD, WiFi, BT, Cam, DOS, Eng-Rus"/"https://enter.kg/images/yandex.png"/44892 Сом
"Lenovo Ideapad 3 Platinum Grey Intel Core i3-1005G1 (up to 3.4Ghz), 12GB, 256GB SSD, Intel HD Graphics 620, 15.6"" LED HD, WiFi, BT, Cam, DOS, Eng-Rus"/"https://enter.kg/images/yandex.png"/44892 Сом
"Lenovo Ideapad 3 Platinum Grey Intel Core i3-1005G1 (up to 3.4Ghz), 8GB, 1TB + 256GB SSD, Intel HD Graphics 620, 15.6"" LED HD, WiFi, BT, Cam, DOS, Eng-Rus"/"https://enter.kg/images/yandex.png"/44892 Сом
"Acer Extensa EX215-52 Black Intel Core i3-1005G1 (up to 3.4Ghz), 4GB, 500GB + 128GB SSD, Intel HD Graphics 620, 15.6"" LED FULL HD (1920x1080), WiFi, BT, Cam, LAN RJ45, DOS, Eng-Rus"/"https://enter.kg/images/stories/virtuemart/product/1) extensa ex215_4743.jpg"/44978 Сом
"Lenovo V15 G1IML Intel Core i3-10110U (up to 4.1Ghz), 15.6"" HD (1366х768), 8GB, 1TB + 256GB SSD, Intel HD Graphics 620, без привода, WiFi, BT, Cam, Eng-Rus, IRON GREY"/"https://enter.kg/images/stories/virtuemart/product/1) v15-iil_7816.jpg"/44978 Сом
"Acer Extensa EX215-52 Black Intel Core i3-1005G1 (up to 3.4Ghz), 4GB, 512GB SSD, Intel HD Graphics 620, 15.6"" LED FULL HD (1920x1080), WiFi, BT, Cam, LAN RJ45, DOS, Eng-Rus"/"https://enter.kg/images/stories/virtuemart/product/1) extensa ex215_6706.jpg"/45494 Сом
"HP 255 G8 Dark Ash Ryzen 5 3500U (4ядра/8потоков, up to 3.7Ghz), 8GB, 128GB SSD, Radeon ™ Vega 8 Graphics, 15.6"" LED FULL HD (1920x1080), WiFi, BT, Cam, DOS, Eng-Rus"/"https://enter.kg/images/yandex.png"/45494 Сом
"Lenovo Ideapad S340-15IIL Abyss_Blue Intel Core i3-1005G1 (up to 3.4Ghz), 4GB, 128GB SSD, Intel HD Graphics 620, 15.6"" IPS FULL HD (1920x1080), WiFi, BT, Cam, DOS, Backlight Keyboard, Eng-Rus"/"https://enter.kg/images/stories/virtuemart/product/1) s340 blue_6393.jpg"/45494 Сом
"Acer Extensa EX215-52 Black Intel Core i3-1005G1 (up to 3.4Ghz), 4GB, 1TB + 128GB SSD, Intel HD Graphics 620, 15.6"" LED FULL HD (1920x1080), WiFi, BT, Cam, LAN RJ45, DOS, Eng-Rus"/"https://enter.kg/images/stories/virtuemart/product/1) extensa ex215_7426.jpg"/45580 Сом
"Acer Aspire 315-56 Indigo Blue Intel Core i3-1005G1 (up to 3.4Ghz), 4GB, 500GB + 128GB SSD, Intel HD Graphics 620, 15.6"" LED FULL HD (1920x1080), WiFi, BT, Cam, LAN RJ45, DOS, Eng-Rus"/"https://enter.kg/images/stories/virtuemart/product/acer-aspire-a31556-indigo-blue-nxhs6eu009-9359843890042_5488.jpg"/45666 Сом
"Acer Extensa EX215-52 Black Intel Core i3-1005G1 (up to 3.4Ghz), 8GB, 256GB SSD, Intel HD Graphics 620, 15.6"" LED FULL HD (1920x1080), WiFi, BT, Cam, LAN RJ45, DOS, Eng-Rus"/"https://enter.kg/images/stories/virtuemart/product/1) extensa ex215_4554.jpg"/45752 Сом
"ASUS X540UB Gold Intel Core i3-7020U (up to 3.1Ghz), 4GB, 240GB SSD, Nvidia Geforce MX110 2GB, 15.6"" LED FULL HD (1920x1080), WiFi, BT, Cam, DOS, Eng-Rus"/"https://enter.kg/images/stories/virtuemart/product/1)x540sa satin gold_5024.jpg"/45752 Сом
"ASUS X540UB Silver Intel Core i3-7020U (up to 3.1Ghz), 4GB, 240GB SSD, Nvidia Geforce MX110 2GB, 15.6"" LED FULL HD (1920x1080), WiFi, BT, Cam, DOS, Eng-Rus"/"https://enter.kg/images/stories/virtuemart/product/1)asus x540lj silver_7180.jpg"/45752 Сом
"HP 255 G8 Dark Ash Ryzen 5 3500U (4ядра/8потоков, up to 3.7Ghz), 4GB, 256GB SSD, Radeon ™ Vega 8 Graphics, 15.6"" LED FULL HD (1920x1080), WiFi, BT, Cam, DOS, Eng-Rus"/"https://enter.kg/images/yandex.png"/45752 Сом
"Asus ExpertBook (L1500CDA-BQ0664) Black Aluminum, AMD Ryzen™ 3 3250U, 4GB DDR4,256SSD Nvme PCIe, AMD Radeon™ Graphics, 15,6"" FHD (1920x1080) AntiGlareIPS, USB 3.2, CardReader, HDWebCam With privacy shutte, HDMI,VGA, RJ45, BT5,Wifi 6, SonicMaster Sound, No OS, 42Wh Bat, 1.75kg"/"https://enter.kg/images/yandex.png"/45838 Сом
"Asus X409F Intel Core i3-10110U (up to 4.1Ghz), 14"" HD (1366х768), 12GB, 256GB SSD, Intel HD Graphics 620, без привода, WiFi, BT, Cam, Fingerprint Scaner (Сканер отпечатка пальцев), Backlight Keyboard, Eng-Rus, SLATE GREY"/"https://enter.kg/images/stories/virtuemart/product/1) x409_6385.jpg"/45838 Сом
"ASUS X509JA Grey Intel Core i3-1005G1 (up to 3.4Ghz), 4GB, 128GB SSD, Intel HD Graphics 620, 15.6"" LED FULL HD (1920x1080), WiFi, BT, Cam, DOS, Eng-Rus"/"https://enter.kg/images/stories/virtuemart/product/1) x509 grey_1214.jfif"/45838 Сом
"ASUS X509JA Grey Intel Core i3-1005G1 (up to 3.4Ghz), 8GB, 500GB, Intel HD Graphics 620, 15.6"" LED FULL HD (1920x1080), WiFi, BT, Cam, DOS, Eng-Rus"/"https://enter.kg/images/stories/virtuemart/product/1) x509 grey_7745.jfif"/45838 Сом
"HP 250 G8 Dark Ash Intel Core i3-1005G1 (up to 3.4Ghz), 8GB DDR4, 128GB SSD, Intel HD Graphics 620, 15.6"" LED FULL HD (1920x1080), WiFi, BT, Cam, DOS, Eng-Rus"/"https://enter.kg/images/yandex.png"/45838 Сом
"Acer Aspire 315-56 Indigo Blue Intel Core i3-1005G1 (up to 3.4Ghz), 4GB, 512GB SSD, Intel HD Graphics 620, 15.6"" LED FULL HD (1920x1080), WiFi, BT, Cam, LAN RJ45, DOS, Eng-Rus"/"https://enter.kg/images/stories/virtuemart/product/acer-aspire-a31556-indigo-blue-nxhs6eu009-9359843890042_6011.jpg"/45924 Сом
"ASUS X509JA Grey Intel Core i3-1005G1 (up to 3.4Ghz), 8GB, 1TB, Intel HD Graphics 620, 15.6"" LED FULL HD (1920x1080), WiFi, BT, Cam, DOS, Eng-Rus"/"https://enter.kg/images/stories/virtuemart/product/1) x509 grey_2929.jfif"/45924 Сом
"Acer Aspire 315-56 Indigo Blue Intel Core i3-1005G1 (up to 3.4Ghz), 4GB, 1TB + 128GB SSD, Intel HD Graphics 620, 15.6"" LED FULL HD (1920x1080), WiFi, BT, Cam, LAN RJ45, DOS, Eng-Rus"/"https://enter.kg/images/stories/virtuemart/product/acer-aspire-a31556-indigo-blue-nxhs6eu009-9359843890042_7597.jpg"/46010 Сом
"ASUS X540UB Gold Intel Core i3-7020U (up to 3.1Ghz), 6GB, 500GB, Nvidia Geforce MX110 2GB, 15.6"" LED FULL HD (1920x1080), WiFi, BT, Cam, DOS, Eng-Rus"/"https://enter.kg/images/stories/virtuemart/product/1)x540sa satin gold_2959.jpg"/46010 Сом
"ASUS X540UB Silver Intel Core i3-7020U (up to 3.1Ghz), 6GB, 500GB, Nvidia Geforce MX110 2GB, 15.6"" LED FULL HD (1920x1080), WiFi, BT, Cam, DOS, Eng-Rus"/"https://enter.kg/images/stories/virtuemart/product/1)asus x540lj silver_7357.jpg"/46010 Сом
"Ноутбук Lenovo Ideapad V15-IIL Grey Intel Core i3-1005G1 (up to 3.4Ghz), 12GB, 1TB+240GB SSD m. NVMe, Intel HD Graphics 620, 15.6"" LED FULL HD (1920x1080), WiFi, BT, Cam, DOS, Eng-Rus"/"https://enter.kg/images/stories/virtuemart/product/1) v15-iil_4822.jpg"/46010 Сом
"Acer Extensa EX215-52 Black Intel Core i3-1005G1 (up to 3.4Ghz), 4GB, 512GB SSD, Intel HD Graphics 620, 15.6"" LED HD, WiFi, BT, Cam, LAN RJ45, Win10 Pro + Office 2019, Eng-Rus"/"https://enter.kg/images/stories/virtuemart/product/1) extensa ex215_2633.jpg"/46096 Сом
"Acer Extensa EX215-52 Black Intel Core i3-1005G1 (up to 3.4Ghz), 8GB, 1TB + 128GB SSD, Intel HD Graphics 620, 15.6"" LED HD, WiFi, BT, Cam, LAN RJ45, Win10 Pro + Office 2019, Eng-Rus"/"https://enter.kg/images/stories/virtuemart/product/1) extensa ex215_3070.jpg"/46096 Сом
"Lenovo V15 G1IML Intel Core i3-10110U (up to 4.1Ghz), 15.6"" HD (1366х768), 12GB, 1TB + 128GB SSD, Intel HD Graphics 620, без привода, WiFi, BT, Cam, Eng-Rus, IRON GREY"/"https://enter.kg/images/stories/virtuemart/product/1) v15-iil_8048.jpg"/46096 Сом
"Lenovo V15 G1IML Intel Core i3-10110U (up to 4.1Ghz), 15.6"" HD (1366х768), 8GB, 512GB SSD, Intel HD Graphics 620, без привода, WiFi, BT, Cam, Eng-Rus, IRON GREY"/"https://enter.kg/images/stories/virtuemart/product/1) v15-iil_1079.jpg"/46096 Сом
"Acer Aspire 315-56 Indigo Blue Intel Core i3-1005G1 (up to 3.4Ghz), 8GB, 256GB SSD, Intel HD Graphics 620, 15.6"" LED FULL HD (1920x1080), WiFi, BT, Cam, LAN RJ45, DOS, Eng-Rus"/"https://enter.kg/images/stories/virtuemart/product/acer-aspire-a31556-indigo-blue-nxhs6eu009-9359843890042_8880.jpg"/46182 Сом
"ASUS X540UB Silver Intel Core i3-7020U (up to 3.1Ghz), 8GB, 240GB SSD, Intel HD Graphics 620, 15.6"" LED FULL HD (1920x1080), DVDRW, WiFi, BT, Cam, DOS, Eng-Rus"/"https://enter.kg/images/stories/virtuemart/product/1)asus x540lj silver_2423.jpg"/46182 Сом
"Lenovo Ideapad S340-15IIL Abyss_Blue Intel Core i3-1005G1 (up to 3.4Ghz), 4GB, 240GB SSD, Intel HD Graphics 620, 15.6"" IPS FULL HD (1920x1080), WiFi, BT, Cam, DOS, Backlight Keyboard, Eng-Rus"/"https://enter.kg/images/stories/virtuemart/product/1) s340 blue_5849.jpg"/46182 Сом
"Lenovo Ideapad S340-15IIL Platinum Grey Intel Core i3-1005G1 (up to 3.4Ghz), 8GB, 240GB SSD, Intel HD Graphics 620, 14.0"" IPS FULL HD (1920x1080), WiFi, BT, Cam, DOS, Backlight Keyboard, Eng-Rus"/"https://enter.kg/images/yandex.png"/46182 Сом
"Acer Extensa EX215-52 Black Intel Core i3-1005G1 (up to 3.4Ghz), 4GB, 500GB + 256GB SSD, Intel HD Graphics 620, 15.6"" LED FULL HD (1920x1080), WiFi, BT, Cam, LAN RJ45, DOS, Eng-Rus"/"https://enter.kg/images/stories/virtuemart/product/1) extensa ex215_3310.jpg"/46268 Сом
"Asus X409F Intel Core i3-10110U (up to 4.1Ghz), 14"" HD (1366х768), 4GB, 1TB + 512GB SSD Intel HD Graphics 620, без привода, WiFi, BT, Cam, Fingerprint Scaner (Сканер отпечатка пальцев), Backlight Keyboard, Eng-Rus, SLATE GREY"/"https://enter.kg/images/stories/virtuemart/product/1) x409_4187.jpg"/46268 Сом
"Asus X409F Intel Core i3-10110U (up to 4.1Ghz), 14"" HD (1366х768), 8GB, 512GB SSD, Intel HD Graphics 620, без привода, WiFi, BT, Cam, Fingerprint Scaner (Сканер отпечатка пальцев), Backlight Keyboard, Eng-Rus, SLATE GREY"/"https://enter.kg/images/stories/virtuemart/product/1) x409_5874.jpg"/46268 Сом
"Lenovo Ideapad L3-15ADA05 Black Ryzen 3 3250U (up to 3.5Ghz), 8GB, 512GB SSD, AMD Radeon™ Graphics, 15.6"" LED, WiFi, BT, Cam, DOS, Eng-Rus"/"https://enter.kg/images/stories/virtuemart/product/1)  ideapad l3 business black_2033.png"/46268 Сом
"Lenovo Ideapad L3-15ITL6 Platinum Grey Intel Core i3-1115G4 (up to 4.1Ghz), 4GB, 128GB SSD, Intel HD Graphics 620, 15.6"" IPS FULL HD (1920x1080), WiFi, BT, Cam, USB Type-C, LAN RJ45, DOS, Eng-Rus"/"https://enter.kg/images/yandex.png"/46268 Сом
"Ноутбук ASUS-X515J/ i3-1005G1/DDR4 4GB/1TB/NO DVDRW/15.6""/WIN-10Eng/Rus+Eng"/"https://enter.kg/images/stories/virtuemart/product/1) x515_3131.png"/46268 Сом
"Acer Extensa EX215-52 Black Intel Core i3-1005G1 (up to 3.4Ghz), 8GB, 240GB SSD, Intel HD Graphics 620, 15.6"" LED HD, WiFi, BT, Cam, LAN RJ45, Win10 Pro + Office 2019, Eng-Rus"/"https://enter.kg/images/stories/virtuemart/product/1) extensa ex215_6244.jpg"/46354 Сом
"ASUS X540UB Gold Intel Core i3-7020U (up to 3.1Ghz), 6GB, 1TB, Nvidia Geforce MX110 2GB, 15.6"" LED FULL HD (1920x1080), WiFi, BT, Cam, DOS, Eng-Rus"/"https://enter.kg/images/stories/virtuemart/product/1)x540sa satin gold_1125.jpg"/46354 Сом
"ASUS X540UB Silver Intel Core i3-7020U (up to 3.1Ghz), 6GB, 1TB, Nvidia Geforce MX110 2GB, 15.6"" LED FULL HD (1920x1080), WiFi, BT, Cam, DOS, Eng-Rus"/"https://enter.kg/images/stories/virtuemart/product/1)asus x540lj silver_7254.jpg"/46354 Сом
"Lenovo Ideapad S340-15IIL Abyss_Blue Intel Core i3-1005G1 (up to 3.4Ghz), 4GB, 256GB SSD, Intel HD Graphics 620, 15.6"" IPS FULL HD (1920x1080), WiFi, BT, Cam, DOS, Backlight Keyboard, Eng-Rus"/"https://enter.kg/images/stories/virtuemart/product/1) s340 blue_1580.jpg"/46354 Сом
"Lenovo Ideapad S340-15IIL Abyss_Blue Intel Core i3-1005G1 (up to 3.4Ghz), 8GB, 128GB SSD, Intel HD Graphics 620, 15.6"" IPS FULL HD (1920x1080), WiFi, BT, Cam, DOS, Backlight Keyboard, Eng-Rus"/"https://enter.kg/images/stories/virtuemart/product/1) s340 blue_5197.jpg"/46354 Сом
"Lenovo Ideapad S340-15IIL Platinum Grey Intel Core i3-1005G1 (up to 3.4Ghz), 4GB, 1TB, Intel HD Graphics 620, 14.0"" IPS FULL HD (1920x1080), WiFi, BT, Cam, DOS, Backlight Keyboard, Eng-Rus"/"https://enter.kg/images/yandex.png"/46354 Сом
"Lenovo Ideapad S340-15IIL Platinum Grey Intel Core i3-1005G1 (up to 3.4Ghz), 8GB, 256GB SSD, Intel HD Graphics 620, 14.0"" IPS FULL HD (1920x1080), WiFi, BT, Cam, DOS, Backlight Keyboard, Eng-Rus"/"https://enter.kg/images/yandex.png"/46354 Сом
"Acer Extensa EX215-52 Black Intel Core i3-1005G1 (up to 3.4Ghz), 12GB, 1TB, Intel HD Graphics 620, 15.6"" LED HD, WiFi, BT, Cam, LAN RJ45, Win10 Pro + Office 2019, Eng-Rus"/"https://enter.kg/images/stories/virtuemart/product/1) extensa ex215_5044.jpg"/46526 Сом
"Acer Extensa EX215-52 Black Intel Core i3-1005G1 (up to 3.4Ghz), 8GB, 256GB SSD, Intel HD Graphics 620, 15.6"" LED HD, WiFi, BT, Cam, LAN RJ45, Win10 Pro + Office 2019, Eng-Rus"/"https://enter.kg/images/stories/virtuemart/product/1) extensa ex215_5976.jpg"/46612 Сом
"ASUS X540UB Silver Intel Core i3-7020U (up to 3.1Ghz), 4GB, 1TB + 240GB SSD, Intel HD Graphics 620, 15.6"" LED FULL HD (1920x1080), WiFi, BT, Cam, DOS, Eng-Rus"/"https://enter.kg/images/stories/virtuemart/product/1)asus x540lj silver_2678.jpg"/46612 Сом
"Acer Aspire 315-56 Indigo Blue Intel Core i3-1005G1 (up to 3.4Ghz), 4GB, 500GB + 256GB SSD, Intel HD Graphics 620, 15.6"" LED FULL HD (1920x1080), WiFi, BT, Cam, LAN RJ45, DOS, Eng-Rus"/"https://enter.kg/images/stories/virtuemart/product/acer-aspire-a31556-indigo-blue-nxhs6eu009-9359843890042_4519.jpg"/46698 Сом
"Asus X409F Intel Core i3-10110U (up to 4.1Ghz), 14"" HD (1366х768), 8GB, 1TB + 256GB SSD Intel HD Graphics 620, без привода, WiFi, BT, Cam, Fingerprint Scaner (Сканер отпечатка пальцев), Backlight Keyboard, Eng-Rus, SLATE GREY"/"https://enter.kg/images/stories/virtuemart/product/1) x409_7739.jpg"/46698 Сом
"ASUS X509JA Grey Intel Core i3-1005G1 (up to 3.4Ghz), 4GB, 256GB SSD, Intel HD Graphics 620, 15.6"" LED FULL HD (1920x1080), WiFi, BT, Cam, DOS, Eng-Rus"/"https://enter.kg/images/stories/virtuemart/product/1) x509 grey_1408.jfif"/46698 Сом
"Lenovo Ideapad L3-15ITL6 Platinum Grey Intel Core i3-1115G4 (up to 4.1Ghz), 4GB, 256GB SSD, Intel HD Graphics 620, 15.6"" IPS FULL HD (1920x1080), WiFi, BT, Cam, USB Type-C, LAN RJ45, DOS, Eng-Rus"/"https://enter.kg/images/yandex.png"/46698 Сом
"Acer Extensa EX215-52 Black Intel Core i3-1005G1 (up to 3.4Ghz), 4GB, 1TB + 256GB SSD, Intel HD Graphics 620, 15.6"" LED FULL HD (1920x1080), WiFi, BT, Cam, LAN RJ45, DOS, Eng-Rus"/"https://enter.kg/images/stories/virtuemart/product/1) extensa ex215_2718.jpg"/46870 Сом
"ASUS X540UB Gold Intel Core i3-7020U (up to 3.1Ghz), 6GB, 128GB SSD, Nvidia Geforce MX110 2GB, 15.6"" LED FULL HD (1920x1080), WiFi, BT, Cam, DOS, Eng-Rus"/"https://enter.kg/images/stories/virtuemart/product/1)x540sa satin gold_7691.jpg"/46870 Сом
"ASUS X540UB Silver Intel Core i3-7020U (up to 3.1Ghz), 6GB, 128GB SSD, Nvidia Geforce MX110 2GB, 15.6"" LED FULL HD (1920x1080), WiFi, BT, Cam, DOS, Eng-Rus"/"https://enter.kg/images/stories/virtuemart/product/1)asus x540lj silver_6401.jpg"/46870 Сом
"Lenovo Ideapad 3 Platinum Grey Intel Core i3-1005G1 (up to 3.4Ghz), 12GB, 1TB + 256GB SSD, Intel HD Graphics 620, 15.6"" LED HD, WiFi, BT, Cam, DOS, Eng-Rus"/"https://enter.kg/images/yandex.png"/46870 Сом
"Lenovo Ideapad 3 Platinum Grey Intel Core i3-1005G1 (up to 3.4Ghz), 8GB, 512GB SSD, Intel HD Graphics 620, 15.6"" LED HD, WiFi, BT, Cam, DOS, Eng-Rus"/"https://enter.kg/images/yandex.png"/46870 Сом
"Acer Extensa EX215-52 Black Intel Core i3-1005G1 (up to 3.4Ghz), 12GB, 500GB, Intel HD Graphics 620, 15.6"" LED FULL HD (1920x1080), WiFi, BT, Cam, LAN RJ45, DOS, Eng-Rus"/"https://enter.kg/images/stories/virtuemart/product/1) extensa ex215_1775.jpg"/46956 Сом
"Lenovo V15 G1IML Intel Core i3-10110U (up to 4.1Ghz), 15.6"" HD (1366х768), 12GB, 1TB + 256GB SSD, Intel HD Graphics 620, без привода, WiFi, BT, Cam, Eng-Rus, IRON GREY"/"https://enter.kg/images/stories/virtuemart/product/1) v15-iil_6587.jpg"/46956 Сом
"Lenovo V15 G1IML Intel Core i3-10110U (up to 4.1Ghz), 15.6"" HD (1366х768), 20GB, 128GB SSD, Intel HD Graphics 620, без привода, WiFi, BT, Cam, Eng-Rus, IRON GREY"/"https://enter.kg/images/stories/virtuemart/product/1) v15-iil_2395.jpg"/46956 Сом
